l2miss,l3miss,instructions,cycles,stall_cycles,intra_coh,inter_coh,wall_cycles,llc_size,local_mem,remote_mem
958565,280574,93415565,101252367,49817936,0,0,1152612888,27852800,206438400,1638400
951772,299591,91802217,101710850,51143852,0,0,104792697,22020096,22806528,0
955035,302907,91041316,101598861,51193139,0,0,105219387,26279936,19791872,131072
960164,308617,91253130,101505461,51412921,0,0,105142480,21037056,26804224,393216
939981,303704,91848248,101511429,51296402,0,0,104988293,27131904,25559040,196608
951262,295984,92193578,101687144,51300293,0,0,105190524,20971520,25821184,196608
945607,313564,90734734,101679600,51795192,0,0,105205211,25821184,22806528,0
732653,353598,91974905,126823811,74315605,0,0,104701809,19857408,19857408,65536
811576,281186,101886277,126976970,69905738,0,0,105020751,20316160,21757952,720896
793541,248952,92606064,117531907,65253133,0,0,105138537,27590656,28704768,0
841580,256223,95569090,121441746,67891515,0,0,105097842,25493504,25296896,458752
821981,287010,99891803,126332713,70839180,0,0,105033948,24772608,23461888,0
839813,275606,100756784,125928822,70332223,0,0,105062856,21495808,25493504,0
669391,265553,80325032,97345990,53623828,0,0,105184608,15597568,27066368,0
677937,255872,81448907,97332872,52706930,0,0,105162000,19202048,18415616,393216
679510,263307,80591917,97406337,52842497,0,0,105129915,18415616,22151168,0
691609,246198,82264942,97115023,51848469,0,0,105171980,26017792,18874368,327680
697076,243362,82409459,97246332,51819206,0,0,105054988,23003136,22675456,65536
698205,242889,82453905,97125271,51858069,0,0,105164609,25952256,18546688,0
670507,251862,78064833,94040330,50837077,0,0,105164623,13893632,28966912,0
651685,248691,62377383,80375653,44900320,0,0,105082296,20054016,25559040,0
661067,253009,76264149,92505475,50423666,0,0,105190904,15728640,21561344,0
661554,251063,76645875,92443251,49889340,0,0,105038848,23199744,19005440,65536
679092,240444,77906547,92486753,49435780,0,0,105136014,21233664,23134208,0
682637,245985,77344591,92578975,50040937,0,0,105126780,23855104,17301504,262144
688129,240158,77199852,92479834,49836429,0,0,105125322,19464192,22937600,196608
688470,272313,77053965,97513083,54959852,0,0,105115904,16187392,21626880,0
697498,266561,77644689,97566787,54621301,0,0,105166287,17498112,20185088,65536
701062,276567,77080132,97662868,54885011,0,0,105145639,18481152,21364736,0
717564,256417,78864156,97390755,53756776,0,0,105098403,27131904,17432576,0
715071,256731,78960126,97573921,53871055,0,0,105156260,20905984,22544384,0
721818,254995,78769560,97388836,53697175,0,0,105104937,26673152,19333120,262144
592241,215234,63310624,81582047,47214729,0,0,105036544,16449536,31653888,0
671302,274296,72979828,92727718,52329025,0,0,105126258,19464192,18481152,0
683526,265399,73352094,92711150,52149549,0,0,105155775,14811136,22544384,393216
688504,263162,73773921,92693016,51678712,0,0,105049314,23789568,18481152,0
693266,255708,74036014,92733763,51638376,0,0,105190416,16121856,24641536,65536
695227,259759,74133205,92607649,51496853,0,0,105021591,21954560,16842752,65536
711127,259422,74943363,93759357,51737080,0,0,105185817,15597568,23461888,393216
707244,285540,74166027,97735779,56657311,0,0,105168750,15269888,24051712,0
707114,283278,73857794,97722838,56597528,0,0,105105426,17235968,22216704,0
711468,283191,74693199,97717333,56241748,0,0,105078141,20250624,19529728,65536
729778,262976,76581488,97552139,55187166,0,0,105162168,27787264,19202048,0
733510,266525,76343770,97663278,55219374,0,0,105154910,21430272,25559040,196608
738558,264891,75924913,97621034,55425229,0,0,105086386,25165824,20185088,131072
567318,279660,72205888,94617443,52764512,0,0,105133548,13565952,30998528,524288
689811,280072,70592659,92760557,53426627,0,0,105116556,18415616,18219008,0
699597,274368,71655978,93000297,53190820,0,0,105188265,15728640,24772608,196608
712882,266977,71826916,92914339,52892564,0,0,105148059,22937600,18350080,0
724575,257206,72612908,92748941,52162198,0,0,105070125,22413312,23724032,327680
721195,264452,71910141,93004249,52752858,0,0,105102429,22151168,18087936,0
718877,260036,72037370,92733114,52509267,0,0,105141369,19267584,21168128,65536
692529,291398,68797129,93091048,54392774,0,0,105176379,13565952,21823488,65536
701405,283732,69527519,92833986,54096341,0,0,105122280,18481152,21626880,65536
712840,276569,70080028,92934442,53732469,0,0,105108648,18677760,20512768,0
709483,275503,70174893,92856515,53471515,0,0,105188096,19529728,22347776,262144
714888,277190,70273893,92891659,53569839,0,0,105008824,18415616,20316160,0
703870,292141,67938619,92939973,54598956,0,0,105169812,11010048,22609920,0
687429,306772,63414371,79052617,47511095,0,0,105098394,11206656,30867456,196608
708709,293283,67890055,92964023,54834398,0,0,105157692,14745600,19595264,0
710349,282924,68554970,92982841,54430502,0,0,105220850,16777216,19660800,0
714094,285004,68716191,92977940,54509585,0,0,105157016,16318464,23724032,458752
716519,284399,68502876,92941218,54509282,0,0,105158615,14090240,24051712,0
702135,297312,66489687,93023590,55677479,0,0,105154413,11993088,20840448,131072
704610,296997,66718994,93041901,55581755,0,0,105109812,13959168,20774912,0
714075,289700,67576715,92966545,54846318,0,0,105062344,16580608,18808832,0
723709,283550,68515398,92958746,54512534,0,0,105200020,18874368,21626880,0
724882,281979,68341266,93006832,54556982,0,0,105142731,18939904,21823488,327680
718875,284366,68049500,92931672,54737264,0,0,105056887,12582912,21823488,262144
713452,298811,66407435,92999065,55547263,0,0,105104014,15007744,20643840,0
691344,226472,55492998,79845677,46514857,0,0,105176124,17432576,29687808,131072
714150,295876,66800615,93061424,55462042,0,0,105067496,16973824,20119552,196608
722301,289551,67237102,92999181,55077155,0,0,105119217,16318464,23003136,0
704742,297516,65654940,92991328,55990138,0,0,105169669,12124160,24379392,65536
720984,295740,66460704,93014207,55524011,0,0,105027494,17235968,19726336,0
731351,286506,67395328,92968215,54938261,0,0,105136460,18546688,22347776,0
733431,284830,67425190,92999115,55021446,0,0,105113988,18284544,22806528,196608
730453,290445,67330681,93098832,55065271,0,0,105045496,14548992,21626880,0
718581,294159,66560984,93096096,55703248,0,0,105182900,16318464,21757952,0
730461,288563,67348185,93167370,55285837,0,0,105071756,18087936,19922944,0
733925,286184,67416442,93058948,55129077,0,0,105093793,18808832,19988480,524288
736163,287975,67325999,93103686,55151149,0,0,105082279,19070976,22806528,196608
703021,296581,64081889,90381396,54176419,0,0,105104001,11993088,26214400,0
538872,236284,51773954,77018654,52614742,0,0,105191281,15007744,27000832,0
703512,287137,63958507,88295585,52110450,0,0,105045171,18677760,20250624,458752
712555,279041,64532203,88138384,51858789,0,0,105103878,18415616,21823488,0
713127,278338,64685260,88257557,51884922,0,0,105102220,18939904,20709376,65536
715132,282415,64276277,88581402,52204389,0,0,105118573,12648448,26017792,262144
717650,306024,64080204,93161156,57096324,0,0,105151488,12058624,23658496,0
726269,301408,65280693,93089951,56220966,0,0,105083672,16973824,17301504,0
742214,289668,66327161,93263694,55868865,0,0,105062332,18677760,20119552,65536
744197,289674,66537230,93161215,55673581,0,0,105627495,18808832,21168128,131072
744350,291935,66121999,93140087,55924744,0,0,104938265,15400960,21757952,262144
744277,310916,65456908,96437244,59893043,0,0,105678876,12451840,22216704,0
750848,316238,66196845,98067557,60760725,0,0,104275575,15728640,22478848,0
769059,304870,67868725,98025234,59974613,0,0,105262441,18415616,22413312,458752
639722,322741,66002186,94856312,51836470,0,0,105234171,13697024,30081024,0
771412,309920,67474708,98077247,60185315,0,1,105110754,18677760,19595264,458752
769029,314758,67574141,100317673,62576326,0,0,105022047,11927552,25952256,0
775649,331027,67185965,103108436,65175360,0,0,104872311,13500416,23658496,0
785632,326513,67866203,102973771,64714542,0,0,104978127,16580608,24117248,0
803672,316242,69191137,103015016,64036719,0,0,105314409,18874368,22085632,0
803288,312880,69641067,103024790,63793783,0,0,104797674,18743296,21889024,196608
793985,314642,68088931,101849636,63425448,0,0,105129996,12124160,23986176,131072
752132,325866,64699351,98160930,61642156,0,0,105052869,11993088,20709376,327680
771549,312559,66133273,98094774,60844856,0,0,105557160,17170432,22937600,0
784558,306398,66928184,98312671,60441237,0,0,104734715,18612224,23461888,524288
784232,304055,66962813,98107973,60382239,0,0,105404977,18677760,24576000,0
787318,293034,55975024,83905352,50987251,0,0,104854697,13697024,34013184,0
750144,328530,64018703,98265092,62159637,0,0,105043478,15597568,22151168,524288
785273,309258,66304211,98152244,60771167,0,0,105385337,17825792,22478848,0
784874,305959,66795799,98197597,60437147,0,0,105189723,17891328,20643840,0
783516,307266,66222218,98172669,60785412,0,0,104803553,17956864,19464192,524288
774100,313813,65162192,98118416,61181528,0,0,105053311,12582912,24838144,131072
774903,313522,64632497,98173095,61591861,0,0,105386328,15925248,20774912,65536
788498,311197,65735201,98255446,60960277,0,0,105261030,17563648,23134208,0
784716,310137,65697510,98215518,61109064,0,0,104787849,17301504,24313856,786432
732773,288233,60982129,91239397,57045169,0,0,4851805322,983040,26279936,0
733461,337278,62431755,98262357,63794056,0,0,104815141,12845056,17039360,0
782170,316354,64648269,98389231,61752136,0,0,105108192,15597568,23592960,0
781454,314041,64615992,98277727,61537578,0,0,105120237,16580608,19595264,196608
601839,260672,54144881,86576225,60929006,0,0,105205821,16449536,30146560,393216
753603,336494,62035720,98259253,63090833,0,0,105090342,10289152,26411008,0
766508,326606,63450200,98402289,62606739,0,0,105076956,14417920,22544384,0
778657,320770,63974674,98270291,62005088,0,0,105199875,14876672,25952256,0
783262,320427,64202101,98454309,62000489,0,0,105119670,14548992,24248320,327680
781623,321189,63840196,98265175,61886014,0,0,105157219,14614528,22085632,0
757064,340175,61133742,98337474,63429626,0,0,105248422,11206656,26279936,0
775408,323870,63035725,98318400,62514542,0,0,105326209,15728640,21233664,131072
785786,317717,64126030,98288429,61897349,0,0,106326705,16384000,21233664,0
789607,317908,63981391,98386318,61933298,0,0,103995906,17039360,22347776,327680
789757,317643,63751223,98360683,61952083,0,0,106124268,13893632,22282240,0
772822,332745,61946869,98456624,63034941,0,0,105140390,12648448,21692416,0
786569,322027,63443634,98356798,62249464,0,0,104740309,16777216,23330816,0
628025,335543,62267213,95200308,53745752,0,0,105822911,17039360,29229056,0
792950,320422,63660700,98301909,62026648,0,0,104801205,16646144,23134208,262144
778347,330180,62131390,98375369,62993131,0,0,104195860,11010048,24838144,0
777566,326520,62452189,98326814,62814603,0,0,105495793,15007744,19398656,0
793262,321296,63181375,98472374,62393913,0,0,104729554,15794176,21889024,524288
792619,318610,63383134,98343132,62270405,0,0,105318763,16252928,20774912,0
792659,319991,63027187,98467750,62456638,0,0,105564064,14483456,24182784,262144
774996,324355,61104068,98172204,62988514,0,0,104874260,15335424,20185088,0
790814,316172,62645137,98332792,62520840,0,0,104386338,16973824,23199744,131072
792809,317171,62985784,98322548,62444591,0,0,105966971,16973824,20119552,0
790983,316004,63002446,98305229,62441848,0,0,105166975,16384000,22347776,458752
785263,321429,62039675,98423202,63062400,0,0,104095143,15466496,28573696,0
794090,305532,52332622,83486460,52634040,0,0,105825767,16318464,30867456,0
778119,328996,61289958,96001516,62018046,0,0,105539036,16580608,21233664,0
792980,318072,62321680,98332093,62691030,0,0,104980735,16646144,23396352,0
766636,326796,60442104,96833154,62031315,0,0,105035212,10682368,23461888,0
759076,320924,58879916,93515312,59643616,0,0,104479242,15335424,21561344,196608
768730,314303,59939789,93413645,59095535,0,0,104623655,16318464,22151168,786432
772162,309298,60287127,93524583,58858564,0,0,106504533,15204352,20905984,0
768299,311752,59918963,93462875,59156618,0,0,105270543,16252928,19791872,0
774917,310958,60137087,93584150,59004266,0,0,105715104,16187392,21757952,0
784295,316464,60757997,95894977,60977207,0,0,103234085,15532032,23003136,589824
773811,338488,59614469,98460337,64196337,0,0,105230740,12779520,24969216,0
794903,326331,61245559,98363140,63320243,0,0,105615430,16515072,22282240,524288
800705,319428,61853645,98543806,62965526,0,0,105839357,15990784,19529728,458752
635120,229964,47421290,81672595,55313820,0,0,104677373,16580608,30801920,0
789802,330605,60400328,98377034,63574351,0,0,104717050,14221312,22478848,65536
794324,325653,61426398,98413107,63208028,0,0,105448829,16646144,23592960,0
803264,322542,61617358,98366063,63104243,0,0,104165498,17039360,19791872,262144
804590,322444,61339797,98386726,63170865,0,0,104779134,16908288,23068672,0
797710,322530,61177259,98363468,63368744,0,0,105331638,11796480,23920640,458752
776147,341569,59254444,98506537,64418230,0,0,105000566,13565952,22282240,0
793507,327009,60392822,98392203,63628489,0,0,105400171,15007744,22806528,0
797569,326453,60646729,98387495,63415237,0,0,104810123,15597568,20840448,65536
800819,325733,60489075,98441522,63730235,0,0,105450819,15728640,21495808,327680
783278,335886,59104577,98451746,64491221,0,0,104744720,9633792,23658496,0
782659,333540,59519005,98469648,64227138,0,0,105431504,15663104,19857408,131072
795367,331259,60297756,98386195,63780612,0,0,104801415,11665408,24051712,786432
606921,319758,55506370,94488315,62485885,0,0,105160146,15597568,29949952,0
800524,329007,60317387,98491562,63715379,0,0,105380806,14548992,22675456,0
775485,340054,58470255,98481542,64802960,0,0,104973439,12386304,21102592,0
786059,339111,59093334,98456520,64556399,0,0,105203310,13434880,24313856,0
798732,328948,60089718,98485032,63999561,0,0,105098767,14876672,22216704,0
803762,329751,60262000,98509438,63764506,0,0,104967215,15663104,18743296,327680
798996,332212,59804829,98445430,64062883,0,0,105520052,12648448,26017792,0
795675,332468,59773621,98482611,64015848,0,0,104931758,15269888,25362432,0
799630,331162,60179270,98393581,63845614,0,0,104776821,15073280,22937600,720896
805208,330482,60098586,98367069,63674684,0,0,105375623,15663104,24510464,0
797049,331880,59718096,98379237,63989145,0,0,104780226,8912896,24051712,0
772358,349441,57604131,98505905,65174596,0,0,105063597,13762560,23134208,327680
797116,333338,57182237,88547871,57029263,0,0,105463146,13959168,32636928,0
741936,346836,58276151,94934315,59469077,0,0,104789752,13893632,23068672,65536
795987,333892,59009504,98406804,64245925,0,0,104999417,13959168,23330816,0
777485,349319,57075233,98417344,65262267,0,0,105383367,9830400,23003136,524288
796258,340088,58471942,98490928,64482660,0,0,104947714,14614528,21299200,0
805409,331042,59669585,98531878,64003845,0,0,104978627,15204352,20578304,524288
809853,329979,59742671,98449988,63973298,0,0,105153304,15990784,22478848,0
805669,334694,59205792,98550848,64158254,0,0,105068520,13041664,23592960,262144
802129,335928,58976082,98396448,64479133,0,0,105120534,14221312,20643840,131072
804674,333744,59184595,98540594,64265847,0,0,105088596,15663104,24969216,0
814311,330691,59292187,98396247,64080491,0,0,105144542,15335424,23265280,851968
809603,334289,59378240,98523323,64233653,0,0,105018203,12976128,25034752,0
782280,353534,56922616,98479989,65505871,0,0,105171080,12320768,24248320,458752
754078,250871,43343813,79534417,54065635,0,0,105105133,14221312,34865152,0
799204,344304,58191566,98572210,64652928,0,0,105068431,13828096,20709376,262144
804696,339526,58449104,98452799,64553833,0,0,105130144,13893632,23003136,131072
791141,347289,57925611,98622640,64999369,0,0,105119427,8978432,25231360,0
798367,343493,57748840,98578733,65176153,0,0,105140955,15204352,24641536,0
815285,333390,58957380,98586861,64440377,0,0,105099244,15597568,20185088,0
813738,333548,59093549,98405581,64191151,0,0,105167282,15597568,22872064,458752
814067,333377,59075423,98506048,64372623,0,0,105058887,15466496,26017792,65536
790576,351447,56944144,98573705,65456884,0,0,105106542,12189696,25821184,0
805790,342924,58272826,98526289,64789893,0,0,105042393,14286848,25296896,655360
805851,337862,58396763,98544316,64607043,0,0,105119912,14483456,22413312,0
811485,336713,58164263,98516592,64750307,0,0,105125383,14024704,26083328,65536
798271,347278,57535069,98590043,65116931,0,0,105217371,9306112,24772608,131072
609837,253231,43323650,81757038,62779539,0,0,105033999,13369344,31981568,0
803298,342089,57752645,98614535,65071674,0,0,105149167,12713984,24051712,458752
802857,341773,57581398,98543668,65071130,0,0,105062993,12058624,23330816,0
800332,343475,57012116,98560805,65147840,0,0,105176505,12713984,23134208,393216
798403,350349,56755074,98605823,65471486,0,0,105140157,12582912,23920640,0
808397,343632,57472815,98502459,65156485,0,0,105080724,12648448,24051712,0
807883,342645,57665241,98551354,65017289,0,0,105191251,12517376,18219008,65536
801995,343101,57480164,98550186,65095106,0,0,104983355,12976128,24641536,851968
782846,356201,55557653,98475635,66269598,0,0,105152267,9175040,26869760,0
789848,352316,56382731,98541181,65895061,0,0,105100279,11141120,23592960,196608
797701,350140,56777057,98566474,65582729,0,0,105091356,11075584,23789568,0
794378,348333,57005123,98562260,65471385,0,0,105107997,11468800,22937600,196608
761779,348141,56865438,95830125,61447240,0,0,105083172,10747904,29360128,1179648
657777,359547,55911877,98514125,60600400,0,0,105143790,11599872,25690112,0
801223,345556,57634444,98656462,65324094,0,0,105088845,12189696,22675456,393216
807327,344604,57638870,98537567,65129910,0,0,105111707,12582912,23920640,0
801828,346138,57230873,98599800,65453404,0,0,105074842,12713984,24248320,393216
809754,343830,57433970,98571253,65220260,0,0,105122913,12451840,21954560,0
805934,346068,57053527,98519020,65353220,0,0,105052897,12779520,25296896,0
811301,346458,57232866,98541786,65211487,0,0,105113831,12713984,23789568,262144
807306,346763,57260257,98573157,65336603,0,0,105134414,13041664,25165824,0
805512,345972,57295903,98621298,65448867,0,0,105106777,8847360,24444928,131072
789993,353698,55533136,98503864,66083393,0,0,105076335,10420224,24510464,131072
798034,352360,56546482,98695557,65913569,0,0,105233322,11010048,23265280,0
800367,351057,56567383,98572106,65741632,0,0,105076058,11272192,23920640,65536
781365,334454,44658182,77904545,53673910,0,0,105103778,9437184,35782656,0
794111,358720,55832606,98628849,66017848,0,0,105049076,10485760,22544384,65536
796769,352847,55953989,98522792,66036635,0,0,105173705,10944512,22020096,196608
802261,347594,56815691,98514909,65624809,0,0,105087305,12779520,25690112,65536
806398,348391,56504689,98508070,65679914,0,0,105102413,12648448,23068672,0
809944,348913,56608257,98509318,65608551,0,0,105030147,12910592,24838144,0
808031,345628,56645841,98540174,65585212,0,0,105191705,12648448,23724032,0
803010,347653,56559794,98564436,65707146,0,0,105116172,11993088,25231360,393216
807614,350550,56412887,98637220,65883071,0,0,105082959,11599872,24051712,0
799553,349817,56018291,98527399,65874421,0,0,105138566,11206656,22675456,196608
805361,353505,56379987,98555554,65796520,0,0,105068876,11141120,25296896,262144
803811,353012,56251673,98633067,65913366,0,0,105111224,11141120,21102592,0
799232,354398,55396225,98476081,66264557,0,0,105027493,9830400,26411008,0
667696,241133,39363641,77711649,54988620,0,0,105124904,9830400,33619968,196608
799024,359400,55266331,98628498,66291330,0,0,105078183,9568256,25034752,131072
799688,356342,55190780,98581381,66339054,0,0,105185707,9306112,25034752,0
799335,358210,55203363,98557772,66367975,0,0,105201533,9306112,24444928,458752
792214,359216,55342197,98625893,66392425,0,0,105020744,9568256,23527424,0
807162,353129,55607291,98543983,66001124,0,0,105464255,10682368,25231360,0
802671,352874,55985494,98558002,65908649,0,0,105217203,11337728,22740992,262144
811696,352882,55877620,98488124,65905221,0,0,104600778,11075584,25755648,0
808255,352591,55769114,98623427,65978160,0,0,106058341,10747904,24313856,65536
801817,354293,55279417,98604546,66348579,0,0,105350738,10027008,26279936,0
799759,356135,55255411,98564995,66339168,0,0,104971742,9699328,23003136,327680
800724,357894,55099948,98575010,66386758,0,0,104394339,9633792,24903680,0
786724,358512,55424820,98696706,65089329,0,0,104786867,9764864,30408704,1572864
602423,331232,49983805,92578412,66024246,702,0,105524202,9437184,24903680,0
799884,354831,54800289,98474338,66477207,0,0,105023675,9633792,23003136,196608
802567,358498,54825503,98525316,66501041,0,0,104815406,9437184,26869760,0
793414,356686,54823029,98589972,66567524,0,0,105095559,9437184,26869760,262144
795395,354161,54981510,98501897,66449316,0,0,105010563,9371648,26804224,0
796011,354742,54272177,98648643,66943899,0,0,105179936,9633792,21626880,131072
798890,359860,54759775,98682441,66637045,0,0,105501787,9764864,25559040,131072
798048,354810,54979988,98748470,66598756,0,0,104673823,9502720,21233664,0
805819,357587,54582329,98628412,66591992,0,0,105112896,9633792,26607616,327680
799349,358677,54567851,98616153,66649482,0,0,105393356,9633792,26935296,0
794055,358961,54612603,98643595,66563219,0,0,105132081,9371648,23789568,0
798365,358047,54686695,98621657,66726000,0,0,105064206,9043968,26804224,393216
724540,359546,51749653,83792646,52488609,0,0,104760566,9502720,33816576,131072
796927,360906,54098241,98561443,66860449,0,0,105187270,9175040,25559040,0
777988,355033,53417981,95102451,63637645,0,0,105215334,9175040,22216704,262144
771833,353365,52783713,93678459,62782410,0,0,105052088,9043968,24838144,196608
775219,351470,53271868,93690431,62611728,0,0,105079926,9502720,25493504,0
776792,351223,52996025,93690086,62642077,0,0,105469930,9306112,24641536,131072
766798,348985,53013884,93697549,62706783,0,0,104679582,9371648,23003136,393216
774687,349352,53092821,94078703,63069780,0,0,105169902,9371648,25624576,0
792915,358505,54073916,98651597,66949163,0,0,105440626,9175040,25821184,131072
806395,359437,54538404,98778107,66929166,0,0,105223142,9502720,23658496,0
800189,357402,54119092,98616774,66877079,0,0,105314744,9371648,22151168,0
806301,356831,54276748,98734679,66838905,0,0,104412107,9306112,24379392,0
801333,360553,54260524,98529371,66699984,0,0,105112911,8978432,20250624,458752
764566,287043,39259208,76999087,52716711,0,0,105162561,9306112,33292288,0
798263,358042,54249463,98624355,66958253,0,0,105150387,9568256,22544384,262144
800953,358706,54278986,98698039,66890521,0,0,105185061,9371648,24903680,0
802990,358872,54484961,98794059,66870074,0,0,105047526,9502720,24772608,786432
801760,358178,53848537,98779968,67218469,692,0,105101271,9568256,25821184,0
803839,358804,54145051,98579908,66871150,0,0,105111153,8716288,25952256,0
792959,364522,52988816,98707756,67598179,0,0,105109878,8912896,20512768,327680
801101,357052,53862365,98725632,66970427,0,0,105162923,9633792,25296896,0
797852,355228,52874105,98588893,67430954,602,0,105052891,9568256,23396352,196608
777690,354036,51787126,98551163,68120118,0,0,105226860,6881280,25296896,327680
775170,351437,52412456,98706513,68140527,0,0,105170727,9699328,23330816,0
783369,348460,52760235,98755130,67872528,0,0,105063483,9764864,23527424,589824
776639,350413,52657514,98563207,67667435,0,0,105224063,9633792,25034752,1769472
538658,259356,40459041,81722471,62944437,0,0,105006478,9764864,30605312,0
774658,353228,52143883,98316210,67666797,0,0,105108522,9699328,20971520,327680
781883,349942,52195736,98511424,67832097,0,0,105102948,9699328,24117248,0
782222,349202,52245170,98466172,67888601,0,0,105212523,9437184,24576000,0
772960,348823,51739369,97282481,66590825,0,0,105125904,8781824,21561344,196608
756334,341842,50891202,93698660,63803452,0,0,105056166,9437184,21823488,0
756686,342342,50871357,93623519,63705711,0,0,105107895,9371648,22675456,589824
761528,341113,50900171,93670403,63931551,0,0,105101805,9371648,22282240,0
756478,342802,50819722,93590343,63807267,0,0,105185276,9633792,22609920,131072
762010,341793,50432242,94728498,65268314,0,0,105013945,9109504,25624576,0
775472,350823,51898011,98593910,68066924,0,0,105104412,9437184,20185088,65536
780446,352794,51959436,98638501,68121253,0,0,105126471,9764864,22675456,0
778492,355215,51938802,98655743,68041105,0,0,105167885,9633792,23986176,0
781204,350974,51591678,98699534,68179191,0,0,105074872,9240576,22282240,393216
789802,351712,51959490,102305108,73192141,0,0,105091374,9175040,22740992,0
869050,387873,57710455,127603194,93854752,0,0,105100248,9699328,24838144,196608
885477,398190,58792946,128373759,93733919,0,0,105250358,9633792,25624576,65536
893407,400398,58905453,129550181,94315531,0,0,105023758,9633792,26673152,262144
880264,397774,58694829,128280408,93594536,0,0,105099138,9633792,24117248,0
877627,396710,58504166,127658999,92904369,0,0,105095298,8323072,28180480,262144
775021,353760,51752962,98645621,68162921,0,0,105098718,9437184,21954560,0
783139,354435,51799725,98610436,68169106,0,0,105106194,9371648,23199744,131072
695062,354361,49193842,83786822,52527622,0,0,105105405,9568256,32047104,0
776570,353043,51234007,98683779,68303260,0,0,105092535,9568256,21692416,0
776296,349996,51792528,98588546,68128402,0,0,105097977,9109504,26148864,65536
772539,358098,51093519,98592473,68510851,0,0,105109149,7995392,24838144,131072
776047,358873,51066782,98678650,68589914,0,0,105099249,7798784,24772608,0
772898,361601,50696943,98647889,68695631,0,0,105177561,7929856,23265280,393216
776129,355695,50889196,98645631,68531491,0,0,105130788,7929856,24117248,0
765528,358404,50759734,98674540,68620097,0,0,105055728,7471104,24903680,0
774845,353988,51033102,98628601,68378160,0,0,105102201,9240576,23396352,0
780698,350178,51626982,98665096,68232083,0,0,105106416,9502720,23724032,327680
779216,355590,51542406,98604522,68296114,0,0,105101556,9568256,26148864,0
778934,352253,51147260,98640348,68320754,0,0,105102480,9175040,22282240,65536
780965,352014,51508957,98605309,68217873,0,0,105095766,9371648,24379392,131072
773666,357892,50976858,98620365,68481380,0,0,105142784,8323072,26214400,0
777127,355729,50992242,98673703,68570838,0,0,105060805,8388608,24641536,327680
771839,358258,50528771,98611407,68724966,0,0,105104226,8257536,24248320,262144
775438,357871,50809615,98669801,68632285,0,0,105190797,8192000,24379392,0
766487,357916,50661400,98667483,68690867,0,0,105099786,7667712,26804224,0
780965,353573,51365670,98636190,68433559,0,0,105087396,9371648,23527424,0
779901,352557,51227901,98576164,68345655,0,0,105013221,9437184,25034752,0
786198,352135,51223859,98650915,68270586,0,0,105093300,9437184,23068672,196608
775986,351961,51106773,98637853,68396045,0,0,105151296,9568256,21757952,131072
780632,351915,51349065,98672054,68302568,0,0,105056751,9109504,20840448,0
649130,226380,34572377,75434348,55074658,0,0,105110166,9371648,31916032,0
783911,357786,51099522,98749587,68572723,0,0,105191246,9306112,22544384,131072
777372,351117,50974711,98633008,68481758,0,0,105055927,9568256,23920640,65536
778718,354535,51214138,98773573,68439307,0,0,105093921,9175040,25296896,131072
777760,355433,50764864,98646867,68638566,0,0,105173613,8716288,21561344,0
776271,362273,50840881,98727953,68815777,0,0,105047259,8388608,25690112,0
780410,355822,50896189,98743009,68718620,0,0,105207482,8519680,22675456,0
777393,355720,50310404,98760524,68936383,0,0,105170200,8192000,22085632,0
761977,361278,50215018,98718163,69192187,0,0,105154065,7471104,26017792,0
772017,359897,50719125,98709474,68864283,0,0,104996837,8257536,25231360,0
771893,359418,50830610,98767810,68789755,0,0,105184057,8126464,21037056,65536
778623,354457,50309093,98688718,68911546,0,0,105145698,6422528,23789568,0
764925,362796,49721583,98812196,69269568,0,0,105088566,7667712,23658496,262144
764115,362723,50256529,98701794,69034111,0,0,105166113,6750208,24117248,0
766861,367312,49749006,98706199,69300742,0,0,105079170,6356992,26411008,131072
767118,367769,49929169,98677895,69239823,0,0,105166587,6619136,24313856,0
770629,365570,49686136,98760850,69283383,0,0,105127071,6553600,23986176,131072
760265,366088,49645275,98716020,69279550,0,0,105102924,6422528,26542080,131072
762404,361236,49976008,98704273,69033545,0,0,105045216,8060928,24641536,0
775015,359483,50699594,98700721,68829404,0,0,105164346,7602176,22413312,393216
772349,357137,50256775,98707674,68882031,0,0,105043983,7995392,24248320,65536
779994,359427,50359576,98681404,68898901,0,0,105175158,7798784,23396352,0
773209,358451,49992322,98668406,68999227,0,0,105089984,8060928,22347776,131072
774615,358876,50303432,98734831,68913757,0,0,105179625,7929856,23068672,524288
773110,360567,50546271,98640918,68808570,0,0,104965834,8060928,25165824,0
740283,262224,34312753,74835883,52574851,0,0,105251428,7929856,34537472,65536
769905,359708,49918188,98470462,69028494,1832,0,105033041,7995392,24117248,0
773205,359529,49838321,98621072,68953225,0,0,105173267,7864320,22609920,131072
769901,362932,50235634,98648501,69009173,0,0,105048646,7602176,23855104,0
772749,358291,50566673,98828419,69048576,0,0,105124155,7995392,25165824,0
772975,362783,50350071,98646275,68950404,0,0,105121153,8060928,23265280,0
776128,362970,49912802,98723939,69179868,0,0,105071108,8060928,24182784,917504
773351,358462,50063738,98644043,68930219,0,0,105185382,7929856,24051712,0
772500,364678,50408155,98694849,68885480,0,0,105063822,8060928,23134208,0
772251,361276,50369833,98629687,68819854,0,0,105103398,7602176,22609920,196608
775102,360988,49962651,98505082,68922301,0,0,105181388,8060928,25624576,262144
776192,363536,50103820,98791700,69084100,0,0,105017632,8060928,22347776,0
777514,360986,50026784,98648156,68907600,0,0,105145890,7995392,23199744,0
773260,362037,50462222,98829722,68906525,0,0,105158499,7929856,22413312,196608
771961,358967,50020721,98693506,69143755,0,0,105136068,7733248,23724032,262144
773548,360859,49885181,98741501,69190302,0,0,105132345,7995392,25886720,0
775631,361328,49884538,98600941,69012465,0,0,105140811,7995392,24641536,0
763793,359450,49916095,98687166,69190759,0,0,104986323,7929856,24576000,262144
772380,362221,49965487,98648043,68988290,0,0,105185889,7995392,25886720,524288
811002,374276,52049427,110528805,79677066,0,0,105092380,7733248,23658496,0
877264,406039,56361736,128364583,94854387,0,0,105062408,7929856,30539776,0
882419,407417,56408311,129910816,98048730,0,0,105173544,7929856,26411008,131072
874518,405125,56105856,128294611,94975044,0,0,105026094,7929856,26673152,0
871614,411616,56574889,133476222,99815829,0,0,105158731,7864320,28049408,0
802319,367492,51506313,108148114,79675611,0,0,105116333,8060928,24969216,0
769112,342058,40404363,75428150,54720063,0,0,105014796,8126464,33095680,131072
773965,363284,49677722,98655842,69139554,0,0,105244448,8060928,21692416,524288
767946,363013,49531773,98613322,69148675,0,0,105042433,7995392,26804224,0
615893,290725,40109342,78854433,55202490,0,0,4925028567,393216,21561344,0
692389,402848,45787689,98725893,71355855,0,0,105013650,6029312,25493504,0
721233,393418,46586135,98674132,71112041,0,0,105075282,5963776,24182784,0
726839,390502,46900842,98757728,70977733,0,0,105103197,6291456,24707072,196608
724350,388733,46894881,98776135,70966202,0,0,105102291,6225920,25165824,0
721736,389717,46876719,98739465,70942232,0,0,105129105,6029312,24117248,262144
726395,389930,47151387,98785650,70868247,0,0,105094056,6225920,26542080,0
724907,389934,46710214,98680471,70993948,0,0,105107748,5898240,23920640,327680
728118,393825,46685906,98775739,71028612,0,0,105112599,6160384,27394048,0
679297,400565,43828345,98679725,72503816,0,0,105631704,3342336,25100288,196608
727456,379481,46862131,98726957,70424746,0,0,104571210,15400960,19136512,0
828315,309844,54126639,100435361,68539727,0,0,105172341,27197440,17104896,720896
1011699,341494,64271475,137172740,97563393,0,0,105024189,34865152,23134208,0
1005135,326151,63902286,135972287,97790271,0,0,105216414,36962304,21233664,65536
1002112,330086,65703670,140676334,102464763,0,0,104988042,37486592,22282240,0
1011414,341284,66995918,142398919,101958094,0,0,105732861,36438016,27656192,0
1037286,349648,67756739,141642853,100511077,0,0,104516139,37158912,21757952,65536
1052242,338804,66617603,138702862,99828198,0,0,105460359,37552128,26935296,0
1039744,328514,64947389,138264298,100192822,0,0,105766524,38076416,27525120,0
1011684,330845,66330788,140483406,102754142,0,0,104596809,38010880,26148864,196608
1020981,345360,67798779,143427746,102545206,0,0,104845860,37879808,25952256,65536
1038168,347256,67791450,141674267,100010112,0,0,105139353,37355520,27394048,0
1058551,342237,66156338,139185691,99857368,0,0,105327762,37552128,25559040,0
904376,344790,60969899,118048891,78962808,0,0,104976246,38469632,38797312,65536
1009428,344054,65685972,141318026,103370805,0,0,105186153,37814272,23003136,0
1016622,344563,67995626,144040193,102760479,0,0,104987253,38010880,22806528,196608
1043390,348565,67778875,143006024,101027429,0,0,105132558,38338560,25100288,262144
1054129,335429,66088824,138653401,99329972,0,0,105325729,38404096,25100288,0
1041155,331805,65509248,139806046,101830024,0,0,105102268,38141952,24576000,0
1025236,341329,66892691,141017317,101906797,0,0,104915784,29949952,28246016,327680
1006873,352839,66232373,143043631,103516332,0,0,105212372,33030144,25362432,0
1028939,349298,66796895,141015403,100192024,0,0,104957000,37027840,26738688,327680
1056150,341718,66172672,139127968,99048395,0,0,105518628,38338560,24838144,393216
1016869,326339,64038466,135842510,99515307,0,0,104994580,29360128,23724032,0
1002851,347142,65857615,140601615,102110550,0,0,105072964,34275328,22085632,65536
1001198,346784,66910991,141683029,101549937,0,0,104896316,36896768,25427968,327680
1038239,346282,67149373,141348046,99742273,0,0,105090335,37945344,25624576,0
1039856,333173,65953628,136958366,96519581,0,0,105137253,37748736,22806528,0
1028454,328695,64939713,137000220,100015909,0,0,105114516,37945344,26017792,0
1016750,337516,66953886,142327333,103574224,0,0,105168066,38010880,23592960,327680
1025119,343905,67884234,142657564,102127243,0,0,105085809,38469632,25165824,0
1046512,350969,67179530,141745057,100682522,0,0,105118035,38141952,24510464,786432
1037605,328363,64927851,136853013,97278439,0,0,105111633,37158912,25427968,0
1016941,328645,64839986,136607175,100324262,0,0,105181981,37814272,24117248,327680
1009025,339219,66905748,142404421,103712562,0,0,105065357,38273024,26411008,0
854315,232800,50562446,111411503,81881354,0,0,105210711,38273024,34799616,524288
1022694,363380,65082301,141029396,101502989,0,0,105064444,38141952,24707072,0
1041565,336279,64551232,138825057,100094630,0,0,105093635,38207488,21233664,720896
1036719,329942,65704402,140235242,102619992,0,0,105127560,37224448,24838144,0
1013481,347006,67284905,143440002,104154383,0,0,105110652,37748736,23724032,0
1031775,351633,68702802,144686944,101785603,0,0,105115812,38469632,21823488,262144
1059627,347984,66569655,139361872,99949460,0,0,105124611,37945344,24641536,0
1051362,333824,65703730,140398273,101389744,0,0,105160750,38404096,25100288,851968
1021824,330168,65184435,139433694,102457210,0,0,105083948,38338560,26738688,0
1010036,343941,67740817,144759576,104352163,0,0,105181008,38404096,26607616,131072
1038853,350152,68007255,142864782,101172052,0,0,105121472,37683200,29032448,0
1056450,345184,65583963,138613471,99782365,0,0,105054643,37945344,25952256,0
1032520,325144,64075019,137021602,98998599,0,0,105118449,38404096,26214400,131072
1009774,327256,64762202,139598718,103250761,0,0,105186044,38600704,24051712,0
1006953,345940,66969475,144111280,103675277,0,0,105041917,38076416,24903680,131072
1038227,351892,67249040,141771271,100227581,0,0,105222763,38076416,26017792,0
1066716,339615,65783984,139381703,100442283,0,0,105033203,37945344,23855104,0
1024785,325046,63733193,138647996,101218807,0,0,105114099,37814272,26345472,262144
1005750,334989,65620250,142038986,104626785,0,0,105118443,38076416,27918336,0
1017230,347220,67625645,145427821,103885440,0,0,105112008,38535168,26542080,0
1046863,350094,67509363,141020838,99857849,0,0,105172398,38404096,25034752,0
1069189,339645,64766105,139123928,100410493,0,0,105107193,37879808,24641536,196608
1022523,323547,64104365,138852503,101714090,0,0,105127212,38141952,24051712,196608
712697,347452,64504720,137903781,90545784,0,0,105119976,37617664,38338560,0
998323,360393,65830695,144428629,103302454,0,0,105194359,37093376,23920640,262144
1049319,351779,66496820,141236109,100535790,0,0,105046691,38141952,23330816,131072
1057571,332982,64216227,138385433,99809841,0,0,105114936,38404096,24641536,0
1030786,325278,63945602,139303072,102527959,0,0,105109767,38731776,24641536,131072
1007653,340562,66608699,143597361,104637457,0,0,105117741,38469632,24576000,0
1018462,348575,67477680,144164458,101557071,0,0,105198081,38535168,24707072,0
1046207,343867,64838532,139078501,99878678,0,0,105089469,37158912,24903680,131072
1051054,333830,63947132,138264573,100095014,0,0,105152886,38338560,26542080,262144
1026045,328430,64464243,139866582,103495488,0,0,105025200,38404096,24772608,0
1018481,343167,66612725,144261582,104867893,0,0,105065430,38076416,27983872,0
1024909,346667,67501335,142750202,101410941,0,0,105223096,38666240,25690112,196608
1056143,347925,65089556,139811345,99979450,0,0,105035345,38600704,22872064,262144
1051462,332244,63722571,138507853,100491199,0,0,105115347,38207488,26476544,0
1013459,328787,64529021,138111543,102936203,0,0,105199483,38076416,22675456,0
1004934,342067,66559931,143803138,104198211,0,0,105030092,38404096,24969216,0
1047103,351657,67970167,143295718,102081508,0,0,105115197,38404096,23134208,196608
1060562,348304,64486492,139056967,99750973,0,0,105121017,38273024,22609920,0
1040151,331919,64386946,139743977,101424954,0,0,105119973,38076416,22806528,1048576
1010753,329167,64287812,139323391,104042662,0,0,105114516,37748736,27787264,0
1002990,340857,66380573,142995734,102701863,0,0,105121557,37814272,23461888,0
1024174,349765,66553872,140298825,100949418,0,0,105160285,34013184,25952256,0
1031977,351499,63243388,137397750,98795988,0,0,105098244,30998528,23068672,0
1013996,334439,62789324,137147958,100157151,0,0,105163491,36896768,27656192,196608
1006353,335247,64974639,141222233,104469729,0,0,105108337,38273024,25624576,458752
721829,305660,57686998,129683449,99776035,0,0,105008382,30146560,40304640,0
997350,359311,62890798,138465195,101778202,0,0,105100003,34340864,23527424,0
1046738,344169,63812030,138705271,100890051,0,0,105114516,35913728,23592960,720896
1017673,331113,63482649,138775496,101572585,0,0,105151991,37814272,24051712,0
1018438,343212,66094362,143285419,104938091,0,0,105076906,38600704,26279936,0
1021803,342646,66677820,143957658,102360653,0,0,105120822,38731776,22413312,131072
1045464,351568,66600821,141407257,101101673,0,0,105113223,38928384,26214400,196608
1058101,332004,65148441,138793557,100297874,0,0,105209580,38338560,25493504,0
1017978,325683,63064811,137561979,101190853,0,0,105108240,38469632,26279936,196608
1003742,335576,64960148,141058919,102224334,0,0,105115479,37814272,24248320,0
1004975,338263,64993029,139591036,99992084,0,0,105109434,37945344,23986176,65536
1047932,349110,65499079,140934346,101031243,0,0,105117909,37683200,26607616,65536
1060631,332207,65001856,139158111,101251258,0,0,105117774,37945344,21233664,0
1024887,334125,64759755,140595783,103956146,0,0,105233301,38076416,25427968,65536
1010061,339994,65930341,143334390,103667255,0,0,105016215,38273024,24576000,131072
1011568,337753,65163344,138503656,101265379,0,0,105196591,37224448,24772608,131072
1037745,352084,64609306,140455181,100334263,0,0,105026531,37224448,23789568,0
1042432,330480,64363992,138489996,100630072,0,0,105218223,38010880,21364736,786432
1023368,325931,63892459,138839905,103725734,0,0,105103341,38469632,21233664,0
1007884,341950,66146537,143441091,102604884,0,0,105156967,38404096,23920640,196608
1038517,343626,66409714,139917285,101782879,0,0,105106170,38141952,23396352,589824
1042152,344042,64931640,140852798,100529530,0,0,105042623,37748736,27328512,0
1032386,335343,65047618,139814387,101418067,0,0,105109332,37879808,26935296,65536
1029806,337031,64564498,140777626,104852079,0,0,105145341,36438016,24379392,0
969544,337708,63434532,138817221,99754571,0,0,105165158,32374784,23527424,131072
748575,234594,46924358,108503171,91659144,0,0,105123871,34275328,37879808,131072
983971,367513,61079560,139390216,100613968,0,0,105204149,31260672,22151168,0
995705,339477,61813555,136434387,100447084,0,0,105090382,31391744,22478848,0
997170,338429,62691652,139196972,103732096,0,0,105163750,33751040,23789568,0
978857,341620,64234649,141571736,100999406,0,0,105169796,29163520,23396352,131072
1028078,357360,64736858,140207134,103470856,0,0,105089313,31326208,25690112,0
1023528,344824,63313662,140044037,100115729,0,0,105148710,33357824,27590656,196608
1010881,335617,62866779,137347846,100980022,0,0,105161751,32505856,27328512,0
1005088,342515,63767005,140978282,104253660,0,0,105112020,32702464,23592960,327680
989770,344047,63925236,140834023,100672896,0,0,105122538,32440320,27131904,0
1021832,348544,64255337,139048433,101292510,0,0,105122043,32374784,26804224,131072
1025822,339791,63581721,140159814,100302478,0,0,105155501,32374784,24969216,131072
1009101,337317,63085638,138632440,102126057,0,0,105121369,34275328,24641536,0
1008735,344222,64557402,142540134,104370473,0,0,105112989,32571392,25755648,131072
999606,345955,64567443,141725322,101282460,0,0,105119694,33685504,23003136,0
1031220,354756,63458772,139125645,101788992,0,0,105219408,33095680,26279936,196608
1023487,330572,63129428,139456064,100491032,0,0,105059148,32768000,25821184,0
997481,338862,62608532,137493391,101852612,0,0,105181604,33161216,27721728,0
1000626,343585,63920981,140899658,102441007,0,0,105183676,32309248,26869760,0
1010913,345407,64245935,140088998,100961496,0,0,105069525,31719424,27459584,0
1021212,348187,62960621,138737422,101488561,0,0,105155687,32964608,24772608,0
1024341,333407,63039900,139463412,101291153,0,0,105053407,30736384,28311552,0
1010979,341321,63022548,138671672,103684100,0,0,105165189,32899072,24182784,0
1020729,344605,64788749,142735245,103595007,0,0,105063645,33554432,25034752,0
1016071,349044,65059832,140151688,100979295,0,0,105201153,34930688,24117248,196608
979488,316793,59817728,134046426,100988620,0,0,105097286,36634624,31588352,1507328
887505,279098,53979482,125485072,92155384,0,0,105097792,36569088,28639232,0
1001911,343693,62742545,139576428,104493182,0,0,105072273,34603008,26345472,0
1020631,347509,65663546,144415398,103100054,0,0,105127122,36110336,22872064,589824
1044901,346355,65205249,139539711,102725811,0,0,105099960,37552128,26148864,0
1037785,341631,63566487,139949484,101541225,0,0,105209892,35520512,26869760,0
1022973,335864,63597782,139057054,101222157,0,0,105064229,35323904,24182784,458752
1009480,347886,62478276,139551888,103564187,0,0,105144220,29753344,27066368,0
1010071,351217,64773609,143931787,102838152,0,0,105082008,33882112,22609920,0
5627002,3224997,172443957,772881233,646238001,20108,3,105563643,40370176,235864064,4128768
7025781,4093628,204811813,925877110,782360949,22819,0,105365685,37355520,311623680,196608
7616966,4516591,216757502,981971379,831225054,25238,0,105328152,40370176,344064000,0
7729688,4536825,216875365,982252062,831388569,25202,0,105198804,40501248,351076352,1376256
7731856,4562505,218451462,986320751,834917608,25222,0,105378390,40501248,352452608,0
7945271,4725656,222264669,1001044708,846757996,25953,0,105357882,40370176,351600640,1441792
8063424,4774136,222080741,1002571859,848290793,26025,0,105369819,40632320,377356288,786432
7967241,4735382,219906146,992678029,839737485,25418,0,105309720,40632320,358612992,2162688
8033382,4751892,222114152,1002062731,847825764,25685,0,105361045,40632320,362676224,0
8011323,4777719,221819399,1000623633,846446485,25699,0,105177026,40435712,358744064,0
7997488,4765651,220719945,996485477,843255668,25784,0,105276009,40501248,360382464,1376256
8069315,4772268,222511429,1003544899,848867603,26176,0,105401193,40501248,370016256,327680
8001053,4725989,220855814,996702915,843094284,25446,0,105276408,40763392,365625344,0
8029685,4774105,222445983,1001079723,846393807,25430,0,105328125,40501248,365232128,1572864
8063516,4791076,221971381,1002389071,848055465,25636,0,105376707,40632320,363855872,0
8059428,4760168,221782833,1000312659,846194485,26096,0,105324708,40501248,355336192,1835008
8042073,4746483,222336016,1004021715,849370667,26022,0,105292428,40501248,354156544,1048576
7998544,4782401,222049742,1000315640,845945059,25674,0,105354489,40435712,361824256,0
8065995,4778356,222203280,1000576874,846317629,25883,0,105328536,40501248,369950720,0
8071023,4743306,221727742,1002572118,848260615,25688,0,105345725,40566784,366346240,0
6737107,3885112,179235815,857580329,729291776,38217,0,105215690,40173568,300875776,3080192
7704391,4505264,215551058,987362935,834776037,26543,0,105412547,40632320,346030080,0
7909713,4640887,222065569,1003006140,848286212,26034,0,105398797,40501248,353632256,2949120
7954938,4710328,223182836,1009217298,854078773,26526,0,105302764,40566784,358678528,0
8005359,4701493,223513440,1010199067,854622675,25879,0,105298891,40632320,353828864,1507328
7966833,4645799,223078198,1007612935,852053104,26441,0,105363693,40566784,353959936,0
7898826,4648988,222419479,1002092969,847322691,26025,0,105253336,40697856,358744064,131072
7993811,4698522,223754239,1011231310,855688690,26362,0,105316484,40435712,359596032,0
8001294,4700113,223164567,1008584738,853056534,26107,0,105283796,40501248,353828864,0
7960756,4616245,222303854,1006185586,851201386,26162,0,105313548,40239104,359989248,2293760
7953930,4670178,222422169,1007179003,852193440,25979,0,105254119,40501248,341901312,0
7981525,4668258,222547546,1006841923,851763740,26031,0,105359421,40501248,360054784,0
7954003,4668021,223257848,1008159668,852782329,26237,0,105343128,40632320,341442560,0
7976934,4682202,223497233,1009305268,853946528,26312,1,105210351,40697856,342556672,1310720
7980725,4673466,222974053,1009068437,853733842,26413,0,105435185,40566784,355139584,0
7993497,4682947,222575240,1007402806,852035332,25881,0,105245712,40239104,335347712,0
7951152,4655273,222977246,1005429013,850063896,26344,0,105278500,40435712,360448000,917504
7980866,4681975,223771747,1008068935,852464832,26397,0,105360810,40566784,356712448,0
7998073,4673107,223644122,1011863132,856327087,26179,0,105398342,40566784,347013120,720896
7944459,4641865,222175583,1005847658,850970147,26195,0,105255505,40435712,350158848,131072
7236956,4100766,187708140,879107382,741174027,42368,0,105192315,40435712,305397760,0
7748241,4520914,219909244,999074588,842357285,27631,0,105430596,40435712,344260608,3670016
7879328,4512762,223079268,1009517700,854111039,25977,0,105288390,39714816,328925184,0
7843303,4558172,222810618,1007155862,851752834,26216,0,105364514,40435712,342425600,196608
7902539,4668908,222190284,1006188267,851673040,26022,0,105299194,40566784,349503488,0
8052680,4723575,223908491,1011275621,855473689,26244,0,105364740,40632320,353697792,1114112
7974284,4614879,222170877,1005358966,850330188,26182,0,105340389,40632320,359399424,0
8095616,4777556,222614243,1007119773,852089863,25894,0,105296145,40370176,362610688,0
8061158,4775409,222443274,1006238165,851465824,26055,0,105387804,40566784,347275264,1441792
8084907,4757857,221905612,1005792405,850972187,26475,0,105370422,40632320,359071744,0
8089404,4759206,222787009,1006903534,851643502,26448,0,105362221,40304640,357040128,0
8072887,4772774,223031945,1008388233,853112452,26197,0,105300425,40632320,361431040,1900544
8086069,4778884,222750692,1006834452,851674845,26255,0,105268596,40566784,361496576,0
8100557,4786633,222551695,1006242817,851236986,26549,0,105334264,40566784,372899840,2097152
8130246,4764087,223426346,1009267799,853587145,26934,0,105360200,40435712,371523584,0
8048536,4748354,222658581,1006818058,851776239,25668,0,105232791,40632320,347275264,1900544
8088916,4787866,223191951,1009660110,854335171,26341,0,105303444,40304640,365232128,917504
8098232,4780719,222649296,1005459506,850498238,26136,0,105390321,40566784,360972288,0
8015732,4746259,220221717,1003822299,850159214,26306,0,105223194,40566784,352059392,524288
8072514,4749811,222008898,1004909757,850148140,26088,0,105310124,40370176,356450304,65536
8048171,4720468,221924053,1004718404,850268755,26480,0,105337433,40566784,354222080,0
8048344,4776657,221722021,1005121012,850439700,25638,0,105367893,37289984,349175808,0
8142282,4856933,221126649,1005478433,851531720,26736,0,105230597,40501248,357892096,0
8215289,4882053,222495084,1005441093,850539320,26013,0,105342233,40697856,365363200,1245184
8198997,4850100,222193233,1005012840,850401717,26535,0,105353286,40435712,371916800,720896
8167956,4826890,221895734,1004153394,849793957,26322,0,105249868,40435712,356777984,2818048
7259565,4354720,198706523,909627528,779704005,28947,0,105304004,40239104,332922880,0
6965104,3999185,198045684,934311501,787596738,24329,0,105368956,40566784,309919744,1900544
7330006,4187363,213568412,981707783,829893460,25084,0,105367404,40501248,322371584,0
7527945,4238944,219027767,996465618,842926414,24996,0,105301916,40566784,313458688,1572864
7556065,4281125,220895616,1004808888,850530616,25384,0,105203380,40304640,326959104,0
7620258,4356153,222741508,1008144173,852599833,25887,0,105416796,40501248,326238208,0
7632851,4339029,223035033,1007170726,851432525,25766,0,105262101,40566784,317194240,851968
7628387,4320117,223154817,1008361592,852784992,26095,0,105394223,40370176,336723968,917504
7593037,4313909,222728519,1008451662,852735426,25901,0,105287404,40566784,342032384,0
7627685,4367828,224039337,1010882059,854533131,25823,0,105320330,40566784,333053952,655360
7627497,4363067,223251448,1008327611,852565749,26019,0,105263956,40501248,320274432,0
7656876,4351948,223310697,1009068243,853396063,26593,0,105277500,40566784,332136448,524288
7612868,4318052,223101061,1008571905,852666385,26424,0,105335925,40697856,329646080,1966080
7656099,4422704,222042469,1003070969,848171326,26421,0,105336663,40763392,334036992,0
7759232,4469596,223741756,1008676173,852855777,26199,0,105341274,40632320,344195072,1310720
7698343,4421199,222521081,1005711061,850446720,25837,0,105393724,40566784,342163456,0
7748197,4443275,223194256,1008154473,852424843,26418,0,105273338,40566784,348192768,2818048
7741260,4438516,222943258,1009781858,854048889,26450,0,105368454,40435712,336855040,0
7736787,4457040,223848192,1010435796,854166351,26538,0,105251652,40566784,321126400,65536
7737708,4452712,223459383,1007010796,851352162,26164,0,105327897,40370176,340131840,1179648
7818998,4519680,223653519,1009683507,853985573,26310,0,105328659,40632320,343146496,0
7849556,4507454,221342864,1003627413,849084247,25708,0,105330996,40566784,345243648,0
7806062,4525153,222257526,1006337842,850908869,26387,0,105295140,40370176,346423296,0
7811076,4541945,223097974,1006737939,851574953,26009,0,105345279,40697856,341835776,1114112
7874674,4546526,222470026,1006556011,851627624,26115,0,105400061,40501248,340328448,327680
7832408,4565160,223114066,1009315271,853428327,25850,0,105273853,40435712,344981504,0
7869896,4544948,222742135,1006553411,850925887,26005,0,105318687,40435712,348651520,1572864
6368394,3791162,185397608,866521093,726523137,24278,0,105224620,40173568,294649856,0
6881062,3928650,200426175,943825480,798475701,27805,0,105369758,40697856,316145664,786432
7616009,4349096,220819437,999726786,845500830,25590,0,105363927,40501248,338624512,0
7813057,4500410,221735824,1003456073,848938082,26804,0,105420611,40239104,350027776,0
7803991,4502905,220524792,1003179012,848806660,26082,0,105326012,40042496,342818816,1114112
7734888,4497274,220099841,1001456274,847735859,25575,0,105250061,40173568,356777984,0
7864012,4597540,222226943,1003158894,848579405,25765,0,105356403,40435712,338558976,1638400
7925117,4614274,220405048,997808351,844296603,25383,0,105282479,40501248,345833472,1572864
7921675,4647496,221986909,1002811645,847840001,25904,0,105308583,40697856,357302272,0
7922102,4637184,221129778,1002032210,847969053,26030,0,105341668,40370176,343736320,720896
7963064,4630586,222548985,1004607186,849652320,26039,0,105322554,40632320,361168896,0
7942183,4613130,221571344,1003236190,848752153,26279,0,105348945,40501248,336003072,1179648
7912789,4611700,220819847,1000459986,846216463,25997,0,105368999,40566784,349110272,0
7958610,4632358,221934012,1003187305,848615349,25807,0,105302719,40435712,345243648,0
7983537,4591392,222070661,1002839265,847671017,26104,0,105102351,40566784,346161152,1638400
7903781,4612820,221152848,1001668292,847364827,25950,0,105378336,40632320,359727104,0
7986461,4686223,222436692,1003236880,848514817,25835,0,105321291,40566784,340328448,2162688
7947880,4602324,221739769,1003732032,849154511,25740,0,105328419,40304640,348913664,0
7890958,4632526,221959502,1002919857,847928765,25583,0,105307170,40435712,341377024,0
7985359,4648446,222566489,1006218596,851199974,26029,0,105413018,40632320,355532800,851968
7919842,4586352,222324634,1004008553,848857243,26326,0,105319604,40566784,366280704,1245184
7934313,4659707,222001689,1002877621,848212309,25720,0,105202676,40566784,348258304,0
7990377,4570041,222283331,1004504128,849528541,26184,0,105399588,39583744,339869696,0
7908792,4625513,221197332,1000976229,846484928,26234,0,105379839,40501248,340393984,1835008
7944226,4667452,221738187,1002175074,848040969,26006,0,105255525,40566784,345243648,524288
7950413,4645533,220351669,1003924869,850344878,26408,0,105355155,40566784,345047040,0
7905626,4570265,221183094,1003341618,848657674,25738,0,105326736,40632320,346030080,0
6234724,3690300,178444148,845208242,707645507,40980,0,105240168,40435712,279707648,4587520
7708803,4388184,220205074,1000218594,846175469,25782,0,105368809,38141952,330432512,131072
7643353,4426044,220546029,1005041237,850670407,26890,0,105251606,40566784,340852736,327680
7691028,4409721,222236071,1005274083,850644529,25821,0,105324330,40370176,338886656,0
7755987,4464719,223348383,1009188792,853412399,26543,0,105384872,40697856,327548928,1507328
7814076,4457504,217655291,1009205715,854503368,26070,0,105267253,40566784,346816512,0
7614552,4362946,212709489,1007945442,848813690,25367,0,105349599,40501248,329383936,0
7517673,4307767,210476013,1005947332,845968365,25294,0,105370386,40697856,332136448,3407872
7684330,4453988,210528851,1006886047,847175111,25239,0,105396834,40501248,336855040,0
7672397,4388125,208715596,1002607589,843893425,25365,0,105223026,40632320,333053952,327680
7611196,4391553,208907449,1004441480,845260454,25272,0,105238149,40566784,331153408,0
7615188,4426500,210299477,1006770678,846745440,25075,0,105357761,40435712,335806464,851968
7696032,4431291,211034077,1009057660,849335740,25195,0,105355688,40501248,336396288,0
7680044,4427483,210398544,1005285181,845360334,25372,0,105312512,40566784,340066304,983040
7678516,4450750,210235202,1005471598,845482654,25446,0,105251280,40370176,328400896,393216
7655542,4384299,209763749,1005708567,846095837,25404,0,105320808,39714816,330956800,0
7649301,4389916,210759410,1007829373,847830891,24941,0,105314547,40370176,329777152,1835008
7587708,4472480,209421845,1000941251,841901123,24724,0,105209105,40566784,328269824,0
7696455,4385934,209533016,1002553860,843248884,25228,0,105414704,40632320,329318400,0
7611164,4382146,209795023,1004243184,844804772,25345,0,105257936,40370176,334954496,2490368
7651538,4460414,210115592,1006010530,846343909,26040,0,105386096,40435712,339673088,720896
7666804,4407585,210071004,1004044546,844597489,25209,0,105242119,40435712,333840384,0
7664281,4407105,210253340,1006676439,846862438,25773,0,105373541,40501248,334430208,0
7604743,4440109,210263104,1005518124,845382497,25549,1,105281956,40763392,325779456,2162688
7669947,4421981,209739394,1005137092,845763347,25000,0,105213474,40370176,337575936,0
7644796,4378994,210071820,1003556684,843899119,25594,0,105382686,40304640,347471872,2555904
6591340,3942771,183991380,895583971,749907499,42358,0,105300127,40435712,296484864,0
7766392,4505862,208780739,999733075,841080806,24637,0,105313904,40566784,353239040,1179648
7800496,4511447,209573250,1005552497,845759072,25091,0,105356826,39845888,345178112,0
7632094,4472022,208294148,1001495524,842977638,25717,0,105361987,39911424,333512704,0
7746830,4560812,209709942,1000647141,841886828,25456,0,105268619,40501248,331284480,2621440
7804533,4488549,209659540,1004811390,845145006,25388,0,105329199,40370176,342491136,851968
7749705,4512113,209634310,1001557681,842126451,25075,0,105334677,40370176,335085568,0
7760565,4477665,209310860,1001242376,841951318,25287,0,105379824,40304640,346095616,0
7758319,4510722,210054771,1003208533,843662399,25281,0,105368693,40632320,335413248,2686976
7760307,4529396,209459306,1002404087,843177643,25182,0,105317134,40042496,340983808,0
7818916,4529601,210643003,1005337771,845317537,25329,0,105369336,40435712,357433344,0
7800584,4487920,210269608,1003815087,843754026,25987,0,105409226,40501248,345571328,458752
7775846,4557706,211061555,1005419325,845031148,25375,0,105331252,40632320,332070912,262144
7804627,4551917,210788637,1003331293,843286087,25091,0,105255549,40566784,335740928,0
7806424,4512324,210083308,1000887803,841282900,25072,0,105345282,40370176,341114880,0
7742941,4480999,209884825,1003219360,843267597,25798,1,105346461,40370176,331022336,131072
7773273,4547859,210382933,1005090022,845087238,25596,0,105307866,40501248,349831168,0
7783529,4508797,210589626,1002189133,842155238,25687,0,105362350,40566784,343408640,524288
7765507,4497932,209891466,1001240878,841935493,24821,0,105324000,40566784,334495744,1441792
7800111,4527196,210394116,1003242842,843226996,25738,0,105305573,40501248,333185024,0
7839644,4551276,211114936,1005047111,844574002,25093,0,105364339,40632320,338952192,2883584
7754840,4504958,210771264,1003359666,843247858,25393,0,105249352,40632320,337641472,0
7769346,4543092,210044232,1000614921,840890097,25864,0,105259288,40435712,344915968,0
7844996,4545947,210309187,1004467254,844701956,25646,0,105369942,40632320,341835776,393216
7784236,4485843,209988821,1003577379,843647733,25486,0,105387026,40501248,344719360,262144
7739537,4505358,210849084,1004876432,844273883,25671,0,105283932,40566784,339607552,262144
7803790,4563379,211083184,1003801322,843562535,25628,0,105327985,40370176,351797248,917504
7855081,4550003,210508867,1004156804,844172548,24988,0,105355656,40370176,344391680,0
7782256,4488249,209584147,1002148806,842703194,24938,0,105303869,40304640,336855040,393216
6147347,3579001,167169236,841558211,713283263,26446,1,105272122,40370176,279707648,0
7399482,4290215,199637706,968971526,813444088,23761,0,105307998,40435712,331284480,1835008
7705625,4468124,207157550,992742540,834077377,24392,1,105344458,40566784,342425600,0
7726541,4490197,207474138,997529079,839461092,24829,0,105321048,40566784,347799552,0
7772382,4464771,209233647,999095368,839750865,24851,0,105322348,40435712,335806464,131072
7797381,4517797,210670531,1005644846,845127075,25232,0,105310272,40435712,343015424,2424832
7743133,4504335,209496358,998827812,839802965,25051,0,105289948,40566784,340983808,0
7773039,4560781,209403993,1005636214,846555764,25565,0,105364416,40435712,346357760,589824
7812596,4520792,210604510,1005832936,845560913,25831,0,105330252,40370176,335478784,0
7773494,4499903,209992979,1002050264,842282223,25154,0,105241731,40501248,345505792,0
7750590,4501822,210380305,1002855392,842867205,25158,0,105355173,40042496,348782592,1310720
7799290,4553690,210891339,1003973411,843852358,25216,0,105281559,40435712,334168064,0
7812995,4520973,209896283,1002218760,842284732,25490,0,105217566,39780352,351141888,0
7749746,4505723,210470061,1003550574,843633558,25316,1,105294423,40501248,341573632,1572864
7782154,4500130,209939754,1003454532,843743701,25699,0,105364172,40435712,346488832,0
7734883,4506136,209136824,1000767029,841855567,25334,1,105139260,39780352,345112576,2883584
7772260,4530216,209760213,1004395415,844710793,25206,0,105422468,39911424,336134144,0
7788756,4522165,210205575,1002944741,843244317,25215,0,105253032,40239104,349765632,0
7759414,4493069,209318517,1001385414,841988931,24890,0,104945032,40239104,348979200,1048576
7730991,4507681,209648436,1002047281,842569864,25421,0,105371292,38141952,340197376,0
7703722,4554833,208691649,1002716912,844031912,26259,0,105460306,40042496,336265216,0
7812505,4492894,209225918,1001838131,842589346,25510,0,105057359,40173568,333447168,2883584
7730829,4517158,209200962,999396163,840338226,25019,0,105487751,40042496,345702400,0
7778215,4516320,210187660,1003687473,844121134,25395,0,105035652,40239104,345047040,4128768
7628057,4524877,206369437,1002222256,844796773,25931,0,105301308,39321600,345702400,2490368
7730470,4521487,208599479,1002388930,843664365,25196,0,105146128,39714816,350027776,0
7781960,4523738,209704870,1003185976,843801564,25784,0,105324088,40239104,340328448,3407872
7745126,4496968,209285957,1000374943,841183856,25197,0,105174704,40173568,341704704,0
7730622,4499111,209919035,1005289636,845477921,25384,0,105692472,40173568,332791808,0
7764725,4553267,210503760,1005849960,845762024,25617,0,104944636,40042496,338886656,0
5946631,3576013,166832921,836292255,695455191,23909,0,105467316,40173568,267386880,0
7081164,3973074,194588230,957694651,803810797,25822,1,105031176,40108032,319619072,3604480
7542668,4295145,209456422,1004927747,845071442,25251,0,105432236,40173568,321191936,327680
7628092,4424290,209915051,1001251291,841734330,25210,0,105318576,39583744,343212032,2883584
7687452,4442591,210271328,1003267800,843704530,25086,0,105165712,40370176,336330752,0
7714006,4385318,210631275,1006808568,846448090,25566,0,105079716,40239104,328138752,0
7657315,4416064,209911095,1004560718,844845658,25619,0,105314876,39976960,346030080,0
7608395,4414739,208675739,1003630395,844623116,25616,0,105331652,39583744,327155712,0
7662558,4422466,210616595,1005570761,845460941,25702,0,105374116,40435712,332791808,0
7674199,4438168,210414666,1003924958,843914363,25650,0,105225346,40239104,334299136,1835008
7710553,4450676,210700529,1006667054,846253715,25638,0,105266724,40370176,330104832,0
7680919,4365549,210077022,1003991253,843830943,25166,0,105311134,40304640,330498048,0
7638976,4399159,210417768,1004823491,844354150,25087,1,105291047,40501248,336068608,131072
7684284,4448268,211003349,1005752113,845476913,25617,0,105344321,40239104,340590592,262144
7755493,4435867,211091506,1006579252,846047805,25469,0,105156262,40304640,338952192,131072
7683080,4402017,210958478,1007147763,846490900,25615,0,105303447,40370176,344981504,720896
7633030,4410862,210383735,1005456902,845179755,25129,0,105220659,39845888,324730880,0
7672203,4435496,210673944,1005202103,845059685,25383,0,105363360,40108032,341639168,0
7726856,4415085,211397097,1007284380,846432075,25833,0,105348021,40173568,343080960,1048576
7722953,4434076,211142636,1007215391,846457625,25710,1,105368439,40239104,335937536,0
7693636,4422111,210309042,1004487175,844071712,25069,0,105229794,40042496,334888960,0
7673630,4404060,210498559,1003061686,842609509,25224,0,105333078,40501248,344457216,1179648
7663693,4429823,211173806,1004979360,844477263,25406,0,105324810,40173568,338231296,0
7660716,4428457,210077451,1001962034,842207440,25288,0,105282477,40304640,329383936,393216
7702669,4426812,210490095,1005769020,845587114,25290,0,105361605,40108032,341245952,0
7570242,4284421,210943118,1006268452,845452632,25459,0,105307509,40304640,328269824,2490368
7546188,4339823,211359239,1007584262,846682900,25021,0,105356289,40108032,333250560,0
7582125,4359095,211566121,1005753198,844907346,25526,0,105326853,40435712,322895872,131072
7508463,4221470,208699641,999339913,840935187,25534,0,105270111,40370176,324599808,0
5744916,3224439,160998342,823679253,695267131,33998,0,105273354,40042496,274857984,4063232
7368719,4169777,208916017,998194782,838265140,24895,0,105295701,40370176,328466432,0
7479963,4240690,211780299,1006952056,845871150,24934,0,105313701,40173568,324599808,2162688
7519527,4227571,211923525,1009213447,847650602,25683,0,105236990,40304640,327352320,983040
7428423,4219415,210545056,1008840333,848558155,25678,0,105221158,40435712,320208896,0
7424781,4232425,211147532,1006045152,845245647,25346,0,105377246,40304640,322633728,0
7495042,4245282,211858144,1008910983,847698869,25139,0,105311564,39976960,316473344,0
7487182,4212278,211673769,1008755746,847606152,25346,0,105264233,39976960,331218944,327680
7402776,4212263,210014856,1007992399,847716929,25900,0,105240711,40173568,319750144,1703936
7468829,4265321,211731039,1007753530,846698297,25179,0,105292044,40108032,315424768,0
7479867,4204727,211655674,1008286355,847022901,25414,0,105295816,40108032,319488000,0
7460121,4210147,211561542,1008887609,847789041,25281,0,105405846,40304640,310050816,655360
7485130,4254929,211318192,1008198722,847412473,25060,0,105220802,40239104,321323008,0
7464855,4192348,211583731,1007327390,846261704,25113,0,105290184,40304640,330629120,720896
7455567,4251446,211712999,1008973117,847493540,25927,0,105278076,40239104,314900480,0
7472915,4239491,211470746,1007480728,846870618,25402,0,105385500,40173568,317849600,0
7473168,4178907,211023597,1006229730,845375165,24944,0,105366360,40173568,331808768,1245184
7429609,4238859,211061770,1004424862,843766507,25147,0,105206556,40108032,330104832,0
7485551,4229081,211644614,1008031653,846794337,25072,0,105337420,39976960,313065472,0
7480617,4266386,210778783,1006808800,846228693,25260,0,105550550,39256064,336658432,1703936
7578398,4339109,211407452,1008794437,847894877,25309,0,104980142,39780352,324993024,0
7560776,4298336,209829757,1006102487,846123640,25705,0,105489248,39190528,330694656,13172736
7553422,4318207,210196894,1004473260,844291418,25544,0,105343168,39190528,334364672,0
7527851,4298752,210131111,1001816750,842127481,25230,0,104971088,39911424,327614464,458752
7595430,4339673,211672379,1009185998,848093103,25367,0,105255424,39845888,328138752,1310720
7549490,4303542,209992941,1002726176,842889402,24834,0,105353360,39518208,324665344,131072
7544306,4298957,210017264,1001715116,841516443,25219,0,105108468,40042496,328073216,0
7531938,4306403,210535511,1004843175,844637650,25769,0,105645600,39714816,316866560,2949120
7567169,4324742,211192976,1006986147,846207205,25465,0,104958812,39321600,313393152,524288
7585557,4329591,211216793,1008395281,847531415,25705,0,105534696,39780352,341377024,0
7562252,4309264,210347567,1004989810,844739035,25571,0,104912756,39976960,307494912,4325376
7560581,4313190,210722436,1005594509,845063073,25273,0,105774404,39649280,327352320,0
7552017,4303256,211100046,1005964122,845309943,25245,0,104872488,39845888,335151104,655360
7511030,4295182,209590746,1002425336,842683729,25416,0,105195192,39845888,330039296,3604480
7590062,4323143,210828995,1006729099,846109602,25402,0,105211164,39649280,323092480,0
6733795,3832673,184034362,884964079,724822342,47104,0,105335236,39845888,291176448,0
7470346,4196786,209882685,1003645640,843123732,25374,0,105466492,39780352,322764800,983040
7486673,4227216,212113937,1010199437,848745445,25493,0,105330242,39583744,325779456,0
7456715,4220712,211265477,1005679456,845044849,24566,0,105364394,39649280,325386240,1245184
7467274,4222785,211304138,1008661115,847606414,25147,0,104852496,39976960,320339968,0
7452526,4208457,210374198,1005268779,844897317,25111,1,105272576,39583744,320929792,0
7435323,4207808,210815307,1006433197,845778303,25552,0,105556382,39714816,323616768,1441792
7536977,4282716,210927975,1005970011,845484097,24991,1,105249270,39649280,320208896,131072
7590737,4303603,210836989,1006249643,845656015,25578,0,105061512,39583744,333709312,4587520
7575027,4292346,210759200,1006538450,845665758,25540,0,105312256,39714816,329842688,0
7553881,4331371,211698007,1007645990,846498098,25120,0,105168340,39518208,338427904,3211264
7558611,4327530,210684102,1005044034,844636526,25540,0,105486464,39518208,331874304,0
7561357,4310648,210031484,1001311809,841516078,25584,0,105291736,39649280,327417856,458752
7571588,4301293,210674785,1004567781,844052839,25254,0,105297884,39452672,332005376,1048576
7547100,4286722,210060328,1004359789,844162147,25379,0,104829693,39714816,330563584,0
7589124,4359973,211457801,1007208670,846318180,25667,0,105375539,39780352,335609856,786432
7555988,4313098,210874884,1005174666,844563078,25326,0,105459096,39780352,319750144,2818048
7561009,4309395,210568241,1004526224,844090859,25552,1,105097948,39714816,323092480,0
7565208,4323732,210500558,1003058526,842755027,25307,0,105341226,39649280,330629120,0
7560292,4310206,210506179,1004115865,843927295,25465,0,105143530,39649280,330891264,0
7566111,4302324,210759881,1006776773,846111331,25441,0,105241478,39452672,332660736,0
7555137,4312561,210803050,1007587958,847076830,25837,0,105272378,39649280,325713920,1376256
7560033,4304431,210525808,1002580862,842328038,25053,0,105429604,39387136,316342272,131072
7604624,4327082,211243057,1006348603,845455782,25238,0,105299380,39256064,337707008,0
7610248,4319460,211664081,1009059444,847738013,25472,0,105119164,39583744,330170368,262144
7617731,4340376,211068544,1007216633,846537626,25546,0,105291214,39911424,340918272,458752
7655456,4438227,210906419,1006172205,845655130,25057,0,105244755,39518208,345243648,2490368
7699050,4419540,210420360,1001578228,841433602,25631,0,105257463,39387136,346095616,0
7726244,4414595,211081177,1007018113,846219881,25424,0,105301932,39518208,343146496,655360
7589071,4403240,210181152,1007133693,847013220,25737,0,105165044,38993920,341049344,0
7680943,4445802,210268900,1003227622,843106695,25019,1,105306613,39452672,328990720,524288
7689594,4406968,210049757,1000789802,841057155,25557,0,105223135,39387136,329580544,786432
7623339,4377680,208529996,1004026019,845142408,25206,0,105259050,38928384,323289088,0
7605435,4411696,209047164,1008641733,849291016,26399,0,105195471,39321600,332726272,0
7633990,4446863,210327090,1003396545,843450667,25284,0,105258967,39714816,347668480,917504
7773656,4433870,210716516,1004675575,844563981,25048,0,105245744,39518208,325451776,0
7674146,4365339,210373465,1005002198,844568162,25395,0,105215672,39649280,332464128,1572864
7648876,4397102,210557578,1004485461,844048226,25059,0,105322896,39190528,333316096,2555904
7727280,4457318,211030186,1006009750,845534918,25832,0,105489216,39321600,328859648,0
6458314,3693863,178255338,881776238,735655073,26102,0,105308884,39452672,288423936,0
6885501,3917192,194901116,955278856,801398149,23654,0,105812144,39256064,307953664,1376256
7390055,4167609,204342161,983097176,825555648,23726,0,105738372,39321600,325255168,393216
7507364,4241331,208704734,1001274093,841491404,24575,0,103914920,39387136,324599808,2555904
7506912,4304548,209758305,1000486234,840774266,24988,0,106970256,39583744,314048512,196608
7623964,4358851,210092882,1001405067,841381137,25174,0,103747236,39452672,337444864,720896
7713307,4394242,209836915,1002946657,842965697,24943,0,105101756,38600704,341770240,0
7654015,4381466,210202701,1004972978,844857947,25310,0,105190532,39911424,337772544,1245184
7611570,4418360,210657282,1002572678,842430823,25319,0,105635512,40304640,330301440,0
7699468,4450152,210451010,1003158543,843143290,25111,0,104827980,40173568,331612160,524288
7702508,4386952,210530671,1006042698,845392131,25644,0,105506956,40239104,324403200,262144
7649191,4415460,210531728,1005295071,844879605,25608,2,105179540,40435712,337575936,0
7673744,4431734,211166516,1004503510,844020749,25164,0,104987408,40239104,335347712,5242880
7693264,4428687,210518635,1003850716,844157017,25383,0,105503892,40370176,329383936,0
7641856,4348308,210107527,1002613035,842483271,25706,0,105123280,40370176,332660736,1310720
7669584,4444326,210855712,1006286952,845737158,25542,0,105398816,40304640,331612160,0
7681166,4411313,210666807,1003633361,843227147,24853,0,104965792,40108032,324337664,4390912
7665644,4389771,210323351,1001595695,841666657,25417,0,105345820,40435712,332201984,2293760
7653053,4375403,210208543,1001415989,841336766,25473,0,105370980,40239104,337379328,1769472
7707985,4453576,211426990,1007863402,847038223,25775,0,105035236,40239104,336789504,0
7734104,4444441,210520641,1004027699,843915329,25333,0,105579848,40304640,337707008,196608
7594741,4323052,209717174,1003003827,842907118,25378,0,105449578,40042496,338231296,8323072
7669237,4448219,210879105,1004045648,843640473,25035,0,104987974,40435712,336527360,0
7732897,4453863,211117681,1006153049,845365103,24999,0,105293738,40370176,332660736,0
7633269,4334719,209215966,1000279226,840926043,25270,0,105525111,40108032,331022336,2621440
7665373,4416134,210765706,1005496695,844842129,25477,0,105056699,40173568,328663040,720896
7692573,4433247,211136138,1005276445,844517853,25492,0,105290784,39780352,345440256,0
7715525,4444120,211216270,1006992926,846232237,24858,0,105376740,40173568,346488832,1900544
7684773,4385072,210349355,1003969486,843772962,24807,0,105309785,40173568,337903616,0
7666857,4426168,210295082,1004225619,844011090,25274,0,105321123,40370176,334430208,1245184
7729936,4429545,211138217,1005964011,845093640,25871,0,105252968,40370176,339738624,0
7682815,4411097,211380093,1007773398,846794148,25245,0,105286132,40370176,329121792,0
7634174,4405457,210173679,1001626034,841888430,24485,0,105329652,40304640,329908224,786432
7702240,4436987,210276954,1002950110,842857509,25395,0,105306191,40108032,337641472,0
7754109,4377155,210574062,1004861315,844362557,25148,0,105369265,40435712,321126400,2228224
7600992,4382932,210482079,1003104696,842735088,25364,0,105255718,40435712,329711616,0
6916687,3868882,196128185,935041607,785706747,23332,1,105309654,40304640,282656768,2818048
7369586,4117972,211966210,1010220616,848683624,24890,0,105297130,40304640,321191936,0
7373291,4117452,211882256,1009457658,847930421,25805,0,105375970,40435712,314245120,2555904
7381436,4108084,211323549,1006794804,845612387,24666,0,105312584,40173568,320733184,0
7463372,4237172,211687063,1008691057,847387761,25342,0,105276618,40566784,324861952,589824
7500698,4243510,212353467,1009389672,847749195,25402,0,105247911,40370176,307953664,0
7481832,4204804,211528165,1007826466,846694223,25438,0,105339479,40304640,315424768,589824
7466477,4207187,211705498,1007237505,845888880,25202,0,105332659,40304640,324272128,589824
7457329,4214895,211283091,1007328474,846310366,25440,0,105386881,40370176,321126400,0
7460187,4222220,211178717,1006810386,846096168,25157,0,105288820,40304640,315228160,0
7499709,4231369,211702955,1009780154,848477771,25144,0,105275953,40173568,328728576,4194304
7484058,4198573,212342211,1011214997,849341177,25716,0,105300120,40370176,324599808,0
7463721,4214837,211430307,1007735472,846612164,25083,0,105345864,40435712,316866560,1835008
5574629,3113391,154342470,796787782,672051192,24840,0,105227715,40239104,251592704,0
7282767,4137868,204933503,990522247,833047965,25964,0,105307200,38010880,326238208,5373952
7434324,4179019,209910192,1004068273,843934134,25315,0,105281004,40501248,323289088,0
7454833,4200053,211390909,1008868043,847880802,25565,0,105308085,40304640,328990720,786432
7458596,4220963,211316743,1007466975,846409333,25455,0,105373239,40501248,318111744,0
7436341,4226284,209404105,1005996639,846063021,26120,0,105267909,40304640,321060864,0
7508351,4269931,210683351,1003946180,843575690,25549,0,105397603,40108032,324927488,2883584
7567980,4312818,210953159,1005514189,844788884,25122,0,105308460,40304640,336723968,0
7609336,4334166,211919456,1011014760,849509887,25385,0,105391512,40304640,324599808,0
7559690,4312663,210605232,1004267305,843713539,25468,0,105226292,40370176,328859648,2555904
7676674,4413332,210898126,1004513362,844018796,25464,0,105352725,40370176,337575936,0
7672216,4359490,210457800,1006632577,846077272,25512,0,105392387,40370176,341442560,1114112
7688284,4429896,211359351,1007301605,846266584,25641,0,105324868,40108032,335020032,0
7704946,4426792,210689382,1003056689,842729605,25070,0,105273837,40370176,335347712,3604480
7682265,4359273,209880429,1003557919,843527925,25397,1,105343866,40435712,339935232,0
7607103,4414272,210415551,1001555847,841204310,25001,0,105345168,39845888,326303744,0
7721336,4468752,210960102,1006255695,845595428,24891,0,105348047,40370176,324927488,0
7714558,4393029,210778947,1006774287,846360616,25549,0,105278038,40566784,334757888,0
7654776,4385492,210146411,1002738361,842394228,25370,0,105355056,40370176,338100224,524288
7632391,4418087,210384626,1001551522,841489089,25225,0,105376785,40566784,336461824,851968
7728924,4406182,210488525,1003508727,843195496,25342,0,105223773,40435712,335282176,131072
7636683,4430837,211337154,1007172858,846249635,25577,0,105379970,40370176,330235904,0
7715019,4405384,210491551,1003902463,843918517,25019,0,105240784,40370176,324993024,0
7675976,4375992,210411619,1005094448,844922334,25620,0,105358684,40501248,336920576,0
7663580,4399830,210455923,1004943719,844282576,25345,0,105253763,40239104,334954496,3735552
7719935,4463862,210989529,1004557627,844118795,25548,0,105384884,40370176,327352320,0
7711421,4361726,210970077,1007617350,846814829,25568,0,105322673,40435712,336134144,1507328
7680405,4446740,211039047,1005494415,844702490,25490,0,105239513,40370176,338493440,0
7682576,4404641,210506578,1002623474,842465912,25202,0,105323031,40501248,330563584,131072
7675320,4395189,210552925,1003756577,843483903,25229,0,105334680,40239104,346554368,0
7618273,4398743,209978680,1001752195,841600376,25254,0,105311892,40173568,324796416,1179648
7680106,4415400,209728874,1000716845,841078001,25543,0,105323880,40435712,331546624,0
7698232,4351464,210242022,1005061066,844588153,25298,0,105311244,40304640,347340800,3473408
7671892,4415523,211260545,1007410626,846336938,25391,0,105356750,40501248,334102528,0
7671575,4435913,210878829,1005015138,844480359,25318,0,105245023,40239104,324993024,393216
7746458,4408264,210982601,1006912078,846346322,25367,0,105319224,40304640,331546624,1310720
7678023,4417936,210798093,1005313666,844611754,25390,0,105297324,40370176,335347712,0
7689613,4432268,210563380,1005096767,844713361,25503,0,105298749,40304640,338231296,0
7666689,4406633,210783843,1004219520,843852734,25232,0,105408450,40435712,342818816,0
7691922,4411311,210695020,1006334971,845835051,25445,0,105308023,40370176,326959104,458752
7690504,4422557,210081406,1002770458,842887840,25242,0,105302169,40042496,330432512,720896
7713691,4389495,210730208,1005939721,845092172,25662,0,105341320,40042496,338231296,1245184
7652219,4411011,210959519,1005133138,844434785,25408,0,105334528,40435712,335675392,0
7664006,4438084,210284662,1003170601,843391608,25642,0,105275118,40239104,337182720,2031616
7700651,4409769,209995638,1003673018,843472402,25701,0,105305673,40435712,324730880,0
6410062,3593285,174700125,863827932,716010142,40646,0,105424537,39780352,286654464,0
7341913,4219142,203179311,984658204,828280423,25234,0,105235058,39845888,321388544,262144
7740649,4412984,210104473,1007437395,847584869,25037,0,105341355,39845888,328138752,0
7702606,4378834,210783134,1006775235,846230293,26392,0,105354387,40435712,335675392,2359296
7641079,4385700,210185966,1002899560,842470038,25674,0,105346168,39911424,341245952,5898240
7686228,4449324,210529294,1003193535,842874824,25344,0,105310910,40108032,330760192,0
7692316,4393722,211129130,1006696397,845805573,25407,0,105416470,40435712,330498048,2490368
7682679,4408319,210389638,1003490518,843186696,25188,0,105320696,40370176,335937536,0
7685935,4396210,209950943,1002325710,842393930,25350,0,105295920,40435712,338165760,0
7690751,4415835,211158453,1006107477,845070703,25247,0,105345948,40501248,326041600,131072
7650151,4445382,211532645,1006021897,845106383,25378,0,105318412,40370176,326631424,0
7670675,4413469,209319260,1001318797,841949566,25149,0,105290366,40239104,335216640,3276800
7704570,4386903,210854342,1007032800,846210199,25166,0,105374282,40173568,336855040,0
7641010,4408214,210595146,1004501818,843835685,25587,0,105280660,40435712,327745536,0
7693828,4443806,211269102,1005296476,844427199,25535,0,105312543,40501248,323026944,0
7697035,4429534,210097640,1001584732,841811954,25090,0,105379081,40304640,327745536,786432
7631501,4361572,209678061,1002502581,842630034,25748,0,105263072,37158912,352583680,0
7674834,4438450,210176451,1005393338,845009001,25352,0,105408276,40501248,336789504,851968
7714483,4394010,210882343,1004649858,844123960,25772,0,105225252,39780352,333381632,0
7643567,4403843,210052924,1002139005,842148304,25268,0,105401804,40566784,323485696,2490368
7648394,4463773,209802365,1004756273,845238780,25677,0,105233593,40042496,349831168,0
7704833,4394920,210190650,1003475138,843421038,25235,0,105267978,40501248,322109440,0
7602588,4365356,210067504,1002136310,842090303,25038,0,105290533,40239104,331677696,1048576
7662672,4456141,210637282,1002974681,842551542,25567,0,105386240,40239104,322371584,393216
7690380,4400736,210429741,1001921510,841711645,24762,0,105247440,40435712,329973760,1966080
7695431,4392474,210634849,1005130881,844399186,25563,0,105249291,40370176,336003072,0
7645098,4391551,210272948,1003410847,843290136,25024,0,105347277,40435712,332726272,3735552
7692895,4410818,210354842,1002369763,842018744,25480,0,105271863,40566784,332922880,0
7673381,4395084,210355623,1003059945,842803494,25157,0,105279457,40435712,333905920,0
7699634,4408387,210738189,1004852801,844285445,25250,0,105180968,40304640,335872000,0
7648374,4409471,209947849,1003301191,843410922,25123,1,105420348,40566784,344064000,524288
7691660,4420139,210999132,1005743222,845264495,25497,0,105347856,40370176,332857344,2555904
7698579,4427475,211084699,1006953336,846032760,25588,0,105327156,40370176,339804160,1835008
7214816,4102877,196970008,939988661,791818819,23793,0,105234144,40435712,292618240,0
1254950,784721,10545514,143623161,136225191,0,0,105137500,38797312,63111168,0
1269798,806171,10719186,145630138,134115414,0,0,104979956,39190528,62455808,65536
1281944,808922,10638121,143234562,132062021,0,0,105204873,39190528,58458112,0
1294789,789991,10434894,140891358,131914803,0,0,105250231,39387136,67502080,1114112
1277244,773018,10390280,142000925,134438584,0,0,104967203,38928384,58654720,0
1260219,785450,10480600,144917161,137349995,0,0,105329795,39714816,59375616,393216
1296929,807533,10699003,147127278,135153234,0,0,105095002,39452672,60489728,0
1297278,801892,10552137,142745233,131731895,0,0,105276012,39190528,59310080,1114112
1298207,787225,10354179,141396709,132590059,0,0,105141700,38797312,57802752,0
1279200,769565,10326100,142591090,135511895,0,0,105119315,39256064,62455808,0
1283573,789997,10522146,146316385,137498361,0,0,105174765,39452672,57540608,589824
1288898,807852,10683326,146775159,134740764,0,0,105200139,38862848,55902208,458752
1304116,795174,10463216,142405086,131712923,0,0,105159900,38993920,60620800,0
1303404,777000,10206002,141201015,132928374,0,0,105208350,39124992,63635456,0
1273716,766750,10255277,142129277,135063103,0,0,105207517,39649280,58458112,196608
1285634,793483,10514823,146329795,136871565,0,0,105056250,39583744,58654720,786432
1258321,796894,10084024,141256082,132208001,0,0,105181238,36306944,66584576,0
1283349,786731,10155386,140571102,130265445,0,0,105195699,38010880,53149696,393216
1264452,775054,10004822,138902293,130365120,0,0,105293451,37879808,61931520,524288
1275445,774362,10198568,142460798,135015592,0,0,105066546,39321600,60358656,0
1270188,777933,10324485,144531865,135196302,0,0,105152649,39321600,60358656,1245184
1305004,797189,10434551,143856953,133442562,0,0,105161484,39583744,59375616,0
1308467,780821,10307958,141952268,131023225,0,0,105158388,38862848,58195968,458752
1301763,772975,10170033,142114156,133834656,0,0,105127767,39583744,58458112,0
1280277,772386,10285792,143801103,136222948,0,0,105268070,38600704,64028672,1179648
1276553,777228,10308642,143588831,134472360,0,0,105123367,39190528,63832064,0
1302940,794268,10391546,143981979,132875938,0,0,105232025,39190528,59834368,0
1318705,774257,10202109,140545689,131778679,0,0,105040390,39583744,60620800,262144
1227759,706690,9457459,134896296,128080624,0,0,105197583,39124992,60424192,393216
1279474,772860,10284548,144602935,136346186,0,0,105243611,39321600,59310080,0
1286598,779245,10328369,144491336,134337694,0,0,105090853,39387136,55508992,0
1307245,795472,10319964,141886062,131679332,0,0,105126406,38731776,56295424,393216
1311083,766963,10171573,141480903,132774993,0,0,105177185,39518208,56098816,0
1290433,765997,10096779,141091896,134234108,0,0,105271656,39714816,63176704,786432
1269164,772688,10301616,144827774,135420854,0,0,105118892,38993920,58458112,0
1302094,784663,10434231,144963902,135167614,0,0,105133340,39583744,55902208,0
1303523,786687,10279217,143518158,132827265,0,0,105157670,39256064,58064896,327680
1315231,764881,10210167,141813950,133274906,0,0,105161577,39387136,60686336,65536
1285217,763901,10063309,142017468,134700682,0,0,105150261,39124992,61800448,0
1274952,777983,10333684,146225627,135526536,0,0,105166218,39518208,60751872,0
1296147,781744,10345973,143466480,134530032,0,0,105224426,38862848,61800448,65536
1310870,786930,10215214,143456606,132363669,0,0,105078484,39714816,57737216,0
1302660,762376,10178699,141263833,132654195,0,0,105167346,36569088,61538304,65536
1254778,768837,9885104,140415902,133717701,0,0,105127146,36831232,58458112,0
1257948,776067,10193665,145160808,134612646,0,0,105292944,38535168,59179008,262144
1291101,779228,10221316,142125455,133270012,0,0,105086424,39452672,60162048,0
1290732,776186,10058629,141425902,130864523,0,0,105206524,31195136,59703296,0
1277596,766364,9906792,140601488,132538236,0,0,105133367,38141952,54722560,393216
1269807,761633,10060017,142850671,135750321,0,0,105146649,38993920,56623104,0
1278214,777857,10293464,145705268,134589826,0,0,105143358,39387136,56033280,0
1297182,780418,10250959,142455011,133696664,0,0,105154608,39583744,59834368,262144
1299966,765620,10031471,142230642,131318167,0,0,105156885,38600704,54657024,393216
1283021,750886,9966984,139922321,132440216,0,0,105168111,38928384,57147392,0
1292793,766587,10158646,144226577,137285697,0,0,105118800,39256064,57540608,589824
1278417,775359,10261302,144791680,134179533,0,0,105145341,39124992,55312384,0
1314222,786053,10226833,142484105,133797379,0,0,105136020,39649280,55771136,65536
1297953,767848,10080293,143340291,132367351,0,0,105178857,39518208,58982400,0
1290738,757589,10013951,140404155,133163302,0,0,105276600,39649280,62586880,655360
1288198,772593,10195275,144119305,136196801,0,0,105083148,38862848,60489728,262144
1290049,778974,10284392,144369510,133763722,0,0,105162324,39518208,61472768,0
1315104,787549,10277999,143481713,134377894,0,0,105208491,39124992,54591488,393216
1027697,755803,9959961,142247062,128752446,0,0,105184941,39518208,64946176,917504
1118403,681717,8866219,131997375,134940799,0,0,105124515,39321600,51707904,0
1282784,764244,10120738,143887029,135309612,0,0,105154596,39387136,58654720,0
1294118,781066,10286718,144501921,134284424,0,0,105211122,38993920,61865984,0
1303201,779577,10177360,143075065,134202775,0,0,105075627,39256064,58392576,0
1299079,760111,10039239,142088634,132146345,0,0,105189546,39124992,58589184,196608
1286680,764744,10073331,143031801,135400610,0,0,105142370,39518208,59572224,131072
1213867,811779,10985267,144568139,134271161,0,0,105169228,38404096,58130432,393216
1195839,805142,10737454,142759573,132217957,0,0,105104586,38010880,59047936,0
1236629,812318,10797936,142729072,133193586,0,0,105188754,38928384,62521344,0
1219453,786236,10635299,142121914,132762825,0,0,105133308,39190528,62717952,524288
1218952,792167,10556903,142649183,134502328,0,0,105139482,38862848,58785792,0
1233485,794735,10705170,144398191,133682775,0,0,105147093,39387136,59375616,131072
1236377,797348,10645353,142920830,132460322,0,0,105149607,39321600,59572224,0
1270600,804178,10709809,144535678,135159548,0,0,105157713,39256064,60817408,65536
1248085,786268,10574691,142896840,132956356,0,0,105153957,39649280,61210624,0
1240110,796138,10513672,142311536,132075882,0,0,105277560,39518208,58130432,262144
1247027,796782,10590884,144682071,133484192,0,0,105178144,39059456,55836672,131072
1260551,793787,10441350,140632949,130999111,0,0,105105636,39321600,56623104,0
903143,847295,27852341,143021295,120931632,0,0,105101189,39452672,65732608,65536
863786,787831,34376865,141977720,117936960,0,0,105132462,39518208,66912256,393216
845659,716975,32803819,143882993,120801507,0,0,105234611,38600704,50528256,0
851100,712623,32583000,143871950,119363006,0,0,105075325,39124992,56426496,196608
852996,712450,32693708,142196962,119305038,0,0,105184011,38469632,57868288,196608
845232,718864,32759642,143243764,119527891,0,0,105126309,38928384,55115776,0
842609,717558,33377950,143133676,118955644,0,0,105146733,39190528,54198272,393216
837975,738493,33531784,143141065,119535238,0,0,105155433,38928384,56885248,655360
864575,787781,34960270,143124758,117859902,0,0,105133047,38535168,63569920,0
2347742,1692661,16069438,142106931,128188271,0,0,105301204,40042496,125632512,458752
1782089,1549896,10503443,144125911,134511282,0,0,105271748,39845888,126091264,65536
1706846,1455504,9835994,143552701,133694556,0,0,105010023,39911424,116588544,131072
1659346,1402712,9165718,143479453,135148198,0,0,105252279,40042496,115277824,0
1668173,1385421,9093787,143532931,133806886,0,0,105188385,39976960,119209984,0
1639122,1326465,8621580,140772940,134459748,0,0,105142301,39976960,105840640,0
1609649,1312737,8274354,143614143,135418097,0,0,105203188,40042496,104005632,1245184
1596928,1294070,8261020,143351702,136080490,0,0,105147748,39387136,103415808,0
1575770,1271294,7896553,143103381,135430768,0,0,105178832,38666240,111214592,0
2462488,1902430,11188395,142478384,131995325,0,0,105076479,40042496,137625600,786432
1751964,1326698,11047951,141545775,135730151,0,0,105216342,39780352,107020288,0
808388,705346,23723433,144122179,128825289,0,0,105149107,39321600,60358656,65536
803996,713367,24062927,144641994,128842885,0,0,105075164,39256064,57671680,0
810551,711198,23715134,143173471,128094265,0,0,105125631,38928384,56885248,0
807465,707520,23569031,141222575,125302375,0,0,105131460,31981568,54919168,131072
815314,694977,23546620,141067459,128485187,0,0,105138219,37945344,52756480,65536
800780,701740,23504553,143467241,128521966,0,0,105119016,38404096,54132736,65536
803532,708114,23823456,142020555,126670779,0,0,105210360,35192832,55508992,65536
806537,709644,23536740,141072042,126283958,0,0,105069090,34275328,56819712,131072
807642,705660,23379411,142056364,125561198,0,0,105224376,37683200,52232192,0
813142,693255,23574276,141899743,129180632,0,0,105187395,38600704,49938432,196608
688294,695860,23554186,138847524,113186150,0,0,105123378,38600704,66322432,655360
688490,708477,23631252,142145415,125348207,0,0,105104664,38076416,53805056,0
813318,710439,23886790,143736846,128990677,0,0,105182751,39124992,52953088,262144
809582,704839,23614945,143193386,126084342,0,0,105070386,39124992,53805056,0
806289,693643,23477947,141275078,128658583,0,0,105131634,38797312,54132736,262144
790204,686530,23546896,142890279,128551354,0,0,105133752,39387136,55640064,65536
800656,709015,24214642,144102079,128666480,0,0,105132606,39059456,57802752,0
809005,709413,24116348,143041674,128212985,0,0,105203430,38207488,54919168,327680
804000,697477,23928516,141617175,124804603,0,0,105090927,38862848,55312384,524288
799724,689287,23756151,142112305,129288805,0,0,105270641,39124992,55115776,0
795658,690613,24187331,143700937,129382718,0,0,105071194,38928384,53870592,0
798752,700399,24539056,143088954,127939894,0,0,105144288,39256064,53280768,524288
802966,699072,24768692,143053157,127916954,0,0,105271250,38862848,56557568,0
1531052,581639,10601140,50436742,50628062,0,0,105141180,39256064,80805888,0
0,0,0,0,0,0,0,105090404,34865152,4194304,0
